﻿Year,시도,시군구,Value
2001,0.전국,,619
2002,0.전국,,644
2003,0.전국,,735
2004,0.전국,,819
2005,0.전국,,863
2006,0.전국,,904
2007,0.전국,,972
2008,0.전국,,1114
2009,0.전국,,1228
2010,0.전국,,1235
2011,0.전국,,1228
2012,0.전국,,1308
2013,0.전국,,1335
2014,0.전국,,1235
2015,0.전국,,1313
2016,0.전국,,1429
2017,0.전국,,1555
2018,0.전국,,1682
2019,0.전국,,1757
2020,0.전국,,1946
2021,0.전국,,1979
2022,0.전국,,2303
2001,1.수도권,,760
2002,1.수도권,,776
2003,1.수도권,,898
2004,1.수도권,,1009
2005,1.수도권,,1032
2006,1.수도권,,1061
2007,1.수도권,,1138
2008,1.수도권,,1313
2009,1.수도권,,1475
2010,1.수도권,,1407
2011,1.수도권,,1386
2012,1.수도권,,1465
2013,1.수도권,,1458
2014,1.수도권,,1370
2015,1.수도권,,1442
2016,1.수도권,,1564
2017,1.수도권,,1702
2018,1.수도권,,1860
2019,1.수도권,,1964
2020,1.수도권,,2104
2021,1.수도권,,2138
2022,1.수도권,,2532
2001,2.서울특별시,,886
2002,2.서울특별시,,878
2003,2.서울특별시,,965
2004,2.서울특별시,,1111
2005,2.서울특별시,,1185
2006,2.서울특별시,,1165
2007,2.서울특별시,,1238
2008,2.서울특별시,,1423
2009,2.서울특별시,,1663
2010,2.서울특별시,,1594
2011,2.서울특별시,,1558
2012,2.서울특별시,,1634
2013,2.서울특별시,,1577
2014,2.서울특별시,,1545
2015,2.서울특별시,,1664
2016,2.서울특별시,,1783
2017,2.서울특별시,,1943
2018,2.서울특별시,,2104
2019,2.서울특별시,,2232
2020,2.서울특별시,,2480
2021,2.서울특별시,,2571
2022,2.서울특별시,,2976
2001,2.서울특별시,본청,756
2002,2.서울특별시,본청,729
2003,2.서울특별시,본청,811
2004,2.서울특별시,본청,919
2005,2.서울특별시,본청,954
2006,2.서울특별시,본청,943
2007,2.서울특별시,본청,1000
2008,2.서울특별시,본청,1132
2009,2.서울특별시,본청,1339
2010,2.서울특별시,본청,1278
2011,2.서울특별시,본청,1257
2012,2.서울특별시,본청,1329
2013,2.서울특별시,본청,1356
2014,2.서울특별시,본청,1364
2015,2.서울특별시,본청,1475
2016,2.서울특별시,본청,1566
2017,2.서울특별시,본청,1715
2018,2.서울특별시,본청,1865
2019,2.서울특별시,본청,1973
2020,2.서울특별시,본청,2188
2021,2.서울특별시,본청,2255
2022,2.서울특별시,본청,2618
2001,2.서울특별시,강남구,387
2002,2.서울특별시,강남구,415
2003,2.서울특별시,강남구,435
2004,2.서울특별시,강남구,537
2005,2.서울특별시,강남구,669
2006,2.서울특별시,강남구,567
2007,2.서울특별시,강남구,583
2008,2.서울특별시,강남구,628
2009,2.서울특별시,강남구,765
2010,2.서울특별시,강남구,713
2011,2.서울특별시,강남구,722
2012,2.서울특별시,강남구,718
2013,2.서울특별시,강남구,677
2014,2.서울특별시,강남구,613
2015,2.서울특별시,강남구,613
2016,2.서울특별시,강남구,656
2017,2.서울특별시,강남구,694
2018,2.서울특별시,강남구,737
2019,2.서울특별시,강남구,838
2020,2.서울특별시,강남구,935
2021,2.서울특별시,강남구,1106
2022,2.서울특별시,강남구,1288
2001,2.서울특별시,강동구,97
2002,2.서울특별시,강동구,105
2003,2.서울특별시,강동구,116
2004,2.서울특별시,강동구,130
2005,2.서울특별시,강동구,203
2006,2.서울특별시,강동구,199
2007,2.서울특별시,강동구,199
2008,2.서울특별시,강동구,257
2009,2.서울특별시,강동구,250
2010,2.서울특별시,강동구,228
2011,2.서울특별시,강동구,276
2012,2.서울특별시,강동구,271
2013,2.서울특별시,강동구,274
2014,2.서울특별시,강동구,242
2015,2.서울특별시,강동구,255
2016,2.서울특별시,강동구,303
2017,2.서울특별시,강동구,334
2018,2.서울특별시,강동구,403
2019,2.서울특별시,강동구,366
2020,2.서울특별시,강동구,405
2021,2.서울특별시,강동구,439
2022,2.서울특별시,강동구,468
2001,2.서울특별시,강북구,92
2002,2.서울특별시,강북구,103
2003,2.서울특별시,강북구,106
2004,2.서울특별시,강북구,113
2005,2.서울특별시,강북구,127
2006,2.서울특별시,강북구,142
2007,2.서울특별시,강북구,166
2008,2.서울특별시,강북구,249
2009,2.서울특별시,강북구,272
2010,2.서울특별시,강북구,252
2011,2.서울특별시,강북구,257
2012,2.서울특별시,강북구,242
2013,2.서울특별시,강북구,244
2014,2.서울특별시,강북구,215
2015,2.서울특별시,강북구,221
2016,2.서울특별시,강북구,253
2017,2.서울특별시,강북구,269
2018,2.서울특별시,강북구,290
2019,2.서울특별시,강북구,319
2020,2.서울특별시,강북구,363
2021,2.서울특별시,강북구,406
2022,2.서울특별시,강북구,467
2001,2.서울특별시,강서구,121
2002,2.서울특별시,강서구,133
2003,2.서울특별시,강서구,136
2004,2.서울특별시,강서구,166
2005,2.서울특별시,강서구,182
2006,2.서울특별시,강서구,183
2007,2.서울특별시,강서구,175
2008,2.서울특별시,강서구,184
2009,2.서울특별시,강서구,200
2010,2.서울특별시,강서구,212
2011,2.서울특별시,강서구,220
2012,2.서울특별시,강서구,227
2013,2.서울특별시,강서구,233
2014,2.서울특별시,강서구,203
2015,2.서울특별시,강서구,219
2016,2.서울특별시,강서구,233
2017,2.서울특별시,강서구,244
2018,2.서울특별시,강서구,267
2019,2.서울특별시,강서구,294
2020,2.서울특별시,강서구,352
2021,2.서울특별시,강서구,382
2022,2.서울특별시,강서구,413
2001,2.서울특별시,관악구,80
2002,2.서울특별시,관악구,84
2003,2.서울특별시,관악구,87
2004,2.서울특별시,관악구,116
2005,2.서울특별시,관악구,130
2006,2.서울특별시,관악구,133
2007,2.서울특별시,관악구,109
2008,2.서울특별시,관악구,161
2009,2.서울특별시,관악구,196
2010,2.서울특별시,관악구,195
2011,2.서울특별시,관악구,198
2012,2.서울특별시,관악구,215
2013,2.서울특별시,관악구,227
2014,2.서울특별시,관악구,198
2015,2.서울특별시,관악구,182
2016,2.서울특별시,관악구,196
2017,2.서울특별시,관악구,209
2018,2.서울특별시,관악구,223
2019,2.서울특별시,관악구,247
2020,2.서울특별시,관악구,286
2021,2.서울특별시,관악구,310
2022,2.서울특별시,관악구,359
2001,2.서울특별시,광진구,116
2002,2.서울특별시,광진구,107
2003,2.서울특별시,광진구,122
2004,2.서울특별시,광진구,144
2005,2.서울특별시,광진구,174
2006,2.서울특별시,광진구,188
2007,2.서울특별시,광진구,184
2008,2.서울특별시,광진구,251
2009,2.서울특별시,광진구,300
2010,2.서울특별시,광진구,296
2011,2.서울특별시,광진구,278
2012,2.서울특별시,광진구,259
2013,2.서울특별시,광진구,255
2014,2.서울특별시,광진구,254
2015,2.서울특별시,광진구,259
2016,2.서울특별시,광진구,279
2017,2.서울특별시,광진구,306
2018,2.서울특별시,광진구,327
2019,2.서울특별시,광진구,362
2020,2.서울특별시,광진구,403
2021,2.서울특별시,광진구,445
2022,2.서울특별시,광진구,510
2001,2.서울특별시,구로구,138
2002,2.서울특별시,구로구,125
2003,2.서울특별시,구로구,137
2004,2.서울특별시,구로구,160
2005,2.서울특별시,구로구,215
2006,2.서울특별시,구로구,184
2007,2.서울특별시,구로구,215
2008,2.서울특별시,구로구,234
2009,2.서울특별시,구로구,259
2010,2.서울특별시,구로구,264
2011,2.서울특별시,구로구,264
2012,2.서울특별시,구로구,268
2013,2.서울특별시,구로구,259
2014,2.서울특별시,구로구,252
2015,2.서울특별시,구로구,247
2016,2.서울특별시,구로구,263
2017,2.서울특별시,구로구,276
2018,2.서울특별시,구로구,303
2019,2.서울특별시,구로구,335
2020,2.서울특별시,구로구,375
2021,2.서울특별시,구로구,404
2022,2.서울특별시,구로구,455
2001,2.서울특별시,금천구,131
2002,2.서울특별시,금천구,147
2003,2.서울특별시,금천구,154
2004,2.서울특별시,금천구,164
2005,2.서울특별시,금천구,174
2006,2.서울특별시,금천구,186
2007,2.서울특별시,금천구,219
2008,2.서울특별시,금천구,333
2009,2.서울특별시,금천구,362
2010,2.서울특별시,금천구,370
2011,2.서울특별시,금천구,396
2012,2.서울특별시,금천구,420
2013,2.서울특별시,금천구,443
2014,2.서울특별시,금천구,344
2015,2.서울특별시,금천구,349
2016,2.서울특별시,금천구,375
2017,2.서울특별시,금천구,401
2018,2.서울특별시,금천구,419
2019,2.서울특별시,금천구,485
2020,2.서울특별시,금천구,547
2021,2.서울특별시,금천구,604
2022,2.서울특별시,금천구,661
2001,2.서울특별시,노원구,87
2002,2.서울특별시,노원구,83
2003,2.서울특별시,노원구,85
2004,2.서울특별시,노원구,100
2005,2.서울특별시,노원구,114
2006,2.서울특별시,노원구,129
2007,2.서울특별시,노원구,131
2008,2.서울특별시,노원구,159
2009,2.서울특별시,노원구,179
2010,2.서울특별시,노원구,174
2011,2.서울특별시,노원구,185
2012,2.서울특별시,노원구,158
2013,2.서울특별시,노원구,183
2014,2.서울특별시,노원구,156
2015,2.서울특별시,노원구,162
2016,2.서울특별시,노원구,201
2017,2.서울특별시,노원구,215
2018,2.서울특별시,노원구,218
2019,2.서울특별시,노원구,245
2020,2.서울특별시,노원구,282
2021,2.서울특별시,노원구,307
2022,2.서울특별시,노원구,369
2001,2.서울특별시,도봉구,93
2002,2.서울특별시,도봉구,106
2003,2.서울특별시,도봉구,105
2004,2.서울특별시,도봉구,147
2005,2.서울특별시,도봉구,143
2006,2.서울특별시,도봉구,151
2007,2.서울특별시,도봉구,154
2008,2.서울특별시,도봉구,191
2009,2.서울특별시,도봉구,231
2010,2.서울특별시,도봉구,236
2011,2.서울특별시,도봉구,216
2012,2.서울특별시,도봉구,219
2013,2.서울특별시,도봉구,224
2014,2.서울특별시,도봉구,193
2015,2.서울특별시,도봉구,201
2016,2.서울특별시,도봉구,232
2017,2.서울특별시,도봉구,247
2018,2.서울특별시,도봉구,265
2019,2.서울특별시,도봉구,288
2020,2.서울특별시,도봉구,338
2021,2.서울특별시,도봉구,383
2022,2.서울특별시,도봉구,443
2001,2.서울특별시,동대문구,118
2002,2.서울특별시,동대문구,124
2003,2.서울특별시,동대문구,125
2004,2.서울특별시,동대문구,160
2005,2.서울특별시,동대문구,181
2006,2.서울특별시,동대문구,200
2007,2.서울특별시,동대문구,191
2008,2.서울특별시,동대문구,249
2009,2.서울특별시,동대문구,322
2010,2.서울특별시,동대문구,344
2011,2.서울특별시,동대문구,332
2012,2.서울특별시,동대문구,339
2013,2.서울특별시,동대문구,324
2014,2.서울특별시,동대문구,278
2015,2.서울특별시,동대문구,287
2016,2.서울특별시,동대문구,320
2017,2.서울특별시,동대문구,339
2018,2.서울특별시,동대문구,367
2019,2.서울특별시,동대문구,379
2020,2.서울특별시,동대문구,419
2021,2.서울특별시,동대문구,472
2022,2.서울특별시,동대문구,505
2001,2.서울특별시,동작구,106
2002,2.서울특별시,동작구,118
2003,2.서울특별시,동작구,143
2004,2.서울특별시,동작구,176
2005,2.서울특별시,동작구,204
2006,2.서울특별시,동작구,218
2007,2.서울특별시,동작구,200
2008,2.서울특별시,동작구,250
2009,2.서울특별시,동작구,286
2010,2.서울특별시,동작구,297
2011,2.서울특별시,동작구,320
2012,2.서울특별시,동작구,304
2013,2.서울특별시,동작구,303
2014,2.서울특별시,동작구,258
2015,2.서울특별시,동작구,246
2016,2.서울특별시,동작구,295
2017,2.서울특별시,동작구,298
2018,2.서울특별시,동작구,333
2019,2.서울특별시,동작구,359
2020,2.서울특별시,동작구,415
2021,2.서울특별시,동작구,491
2022,2.서울특별시,동작구,529
2001,2.서울특별시,마포구,151
2002,2.서울특별시,마포구,146
2003,2.서울특별시,마포구,147
2004,2.서울특별시,마포구,180
2005,2.서울특별시,마포구,252
2006,2.서울특별시,마포구,255
2007,2.서울특별시,마포구,281
2008,2.서울특별시,마포구,309
2009,2.서울특별시,마포구,327
2010,2.서울특별시,마포구,326
2011,2.서울특별시,마포구,350
2012,2.서울특별시,마포구,352
2013,2.서울특별시,마포구,386
2014,2.서울특별시,마포구,315
2015,2.서울특별시,마포구,340
2016,2.서울특별시,마포구,366
2017,2.서울특별시,마포구,399
2018,2.서울특별시,마포구,417
2019,2.서울특별시,마포구,452
2020,2.서울특별시,마포구,511
2021,2.서울특별시,마포구,561
2022,2.서울특별시,마포구,624
2001,2.서울특별시,서대문구,121
2002,2.서울특별시,서대문구,136
2003,2.서울특별시,서대문구,141
2004,2.서울특별시,서대문구,179
2005,2.서울특별시,서대문구,224
2006,2.서울특별시,서대문구,227
2007,2.서울특별시,서대문구,226
2008,2.서울특별시,서대문구,302
2009,2.서울특별시,서대문구,320
2010,2.서울특별시,서대문구,299
2011,2.서울특별시,서대문구,306
2012,2.서울특별시,서대문구,345
2013,2.서울특별시,서대문구,369
2014,2.서울특별시,서대문구,283
2015,2.서울특별시,서대문구,286
2016,2.서울특별시,서대문구,312
2017,2.서울특별시,서대문구,339
2018,2.서울특별시,서대문구,370
2019,2.서울특별시,서대문구,405
2020,2.서울특별시,서대문구,440
2021,2.서울특별시,서대문구,500
2022,2.서울특별시,서대문구,558
2001,2.서울특별시,서초구,266
2002,2.서울특별시,서초구,322
2003,2.서울특별시,서초구,357
2004,2.서울특별시,서초구,425
2005,2.서울특별시,서초구,505
2006,2.서울특별시,서초구,460
2007,2.서울특별시,서초구,582
2008,2.서울특별시,서초구,556
2009,2.서울특별시,서초구,610
2010,2.서울특별시,서초구,594
2011,2.서울특별시,서초구,469
2012,2.서울특별시,서초구,523
2013,2.서울특별시,서초구,527
2014,2.서울특별시,서초구,499
2015,2.서울특별시,서초구,487
2016,2.서울특별시,서초구,533
2017,2.서울특별시,서초구,567
2018,2.서울특별시,서초구,628
2019,2.서울특별시,서초구,723
2020,2.서울특별시,서초구,825
2021,2.서울특별시,서초구,957
2022,2.서울특별시,서초구,1060
2001,2.서울특별시,성동구,142
2002,2.서울특별시,성동구,135
2003,2.서울특별시,성동구,145
2004,2.서울특별시,성동구,157
2005,2.서울특별시,성동구,184
2006,2.서울특별시,성동구,195
2007,2.서울특별시,성동구,223
2008,2.서울특별시,성동구,301
2009,2.서울특별시,성동구,427
2010,2.서울특별시,성동구,465
2011,2.서울특별시,성동구,435
2012,2.서울특별시,성동구,446
2013,2.서울특별시,성동구,464
2014,2.서울특별시,성동구,353
2015,2.서울특별시,성동구,399
2016,2.서울특별시,성동구,471
2017,2.서울특별시,성동구,455
2018,2.서울특별시,성동구,480
2019,2.서울특별시,성동구,516
2020,2.서울특별시,성동구,586
2021,2.서울특별시,성동구,659
2022,2.서울특별시,성동구,770
2001,2.서울특별시,성북구,121
2002,2.서울특별시,성북구,137
2003,2.서울특별시,성북구,154
2004,2.서울특별시,성북구,170
2005,2.서울특별시,성북구,206
2006,2.서울특별시,성북구,193
2007,2.서울특별시,성북구,183
2008,2.서울특별시,성북구,237
2009,2.서울특별시,성북구,262
2010,2.서울특별시,성북구,224
2011,2.서울특별시,성북구,237
2012,2.서울특별시,성북구,237
2013,2.서울특별시,성북구,240
2014,2.서울특별시,성북구,209
2015,2.서울특별시,성북구,220
2016,2.서울특별시,성북구,247
2017,2.서울특별시,성북구,261
2018,2.서울특별시,성북구,273
2019,2.서울특별시,성북구,300
2020,2.서울특별시,성북구,330
2021,2.서울특별시,성북구,371
2022,2.서울특별시,성북구,401
2001,2.서울특별시,송파구,145
2002,2.서울특별시,송파구,148
2003,2.서울특별시,송파구,158
2004,2.서울특별시,송파구,248
2005,2.서울특별시,송파구,309
2006,2.서울특별시,송파구,323
2007,2.서울특별시,송파구,304
2008,2.서울특별시,송파구,334
2009,2.서울특별시,송파구,383
2010,2.서울특별시,송파구,377
2011,2.서울특별시,송파구,310
2012,2.서울특별시,송파구,354
2013,2.서울특별시,송파구,342
2014,2.서울특별시,송파구,315
2015,2.서울특별시,송파구,329
2016,2.서울특별시,송파구,357
2017,2.서울특별시,송파구,374
2018,2.서울특별시,송파구,392
2019,2.서울특별시,송파구,443
2020,2.서울특별시,송파구,473
2021,2.서울특별시,송파구,541
2022,2.서울특별시,송파구,611
2001,2.서울특별시,양천구,147
2002,2.서울특별시,양천구,169
2003,2.서울특별시,양천구,120
2004,2.서울특별시,양천구,143
2005,2.서울특별시,양천구,209
2006,2.서울특별시,양천구,228
2007,2.서울특별시,양천구,221
2008,2.서울특별시,양천구,262
2009,2.서울특별시,양천구,280
2010,2.서울특별시,양천구,248
2011,2.서울특별시,양천구,244
2012,2.서울특별시,양천구,259
2013,2.서울특별시,양천구,261
2014,2.서울특별시,양천구,236
2015,2.서울특별시,양천구,244
2016,2.서울특별시,양천구,272
2017,2.서울특별시,양천구,297
2018,2.서울특별시,양천구,301
2019,2.서울특별시,양천구,315
2020,2.서울특별시,양천구,363
2021,2.서울특별시,양천구,403
2022,2.서울특별시,양천구,461
2001,2.서울특별시,영등포구,245
2002,2.서울특별시,영등포구,263
2003,2.서울특별시,영등포구,257
2004,2.서울특별시,영등포구,310
2005,2.서울특별시,영등포구,363
2006,2.서울특별시,영등포구,347
2007,2.서울특별시,영등포구,378
2008,2.서울특별시,영등포구,415
2009,2.서울특별시,영등포구,455
2010,2.서울특별시,영등포구,454
2011,2.서울특별시,영등포구,403
2012,2.서울특별시,영등포구,423
2013,2.서울특별시,영등포구,419
2014,2.서울특별시,영등포구,415
2015,2.서울특별시,영등포구,463
2016,2.서울특별시,영등포구,480
2017,2.서울특별시,영등포구,502
2018,2.서울특별시,영등포구,508
2019,2.서울특별시,영등포구,546
2020,2.서울특별시,영등포구,618
2021,2.서울특별시,영등포구,651
2022,2.서울특별시,영등포구,744
2001,2.서울특별시,용산구,243
2002,2.서울특별시,용산구,241
2003,2.서울특별시,용산구,247
2004,2.서울특별시,용산구,380
2005,2.서울특별시,용산구,347
2006,2.서울특별시,용산구,363
2007,2.서울특별시,용산구,408
2008,2.서울특별시,용산구,796
2009,2.서울특별시,용산구,547
2010,2.서울특별시,용산구,568
2011,2.서울특별시,용산구,570
2012,2.서울특별시,용산구,565
2013,2.서울특별시,용산구,551
2014,2.서울특별시,용산구,459
2015,2.서울특별시,용산구,479
2016,2.서울특별시,용산구,530
2017,2.서울특별시,용산구,589
2018,2.서울특별시,용산구,632
2019,2.서울특별시,용산구,706
2020,2.서울특별시,용산구,812
2021,2.서울특별시,용산구,853
2022,2.서울특별시,용산구,1033
2001,2.서울특별시,은평구,78
2002,2.서울특별시,은평구,80
2003,2.서울특별시,은평구,86
2004,2.서울특별시,은평구,104
2005,2.서울특별시,은평구,133
2006,2.서울특별시,은평구,112
2007,2.서울특별시,은평구,153
2008,2.서울특별시,은평구,200
2009,2.서울특별시,은평구,230
2010,2.서울특별시,은평구,222
2011,2.서울특별시,은평구,192
2012,2.서울특별시,은평구,213
2013,2.서울특별시,은평구,224
2014,2.서울특별시,은평구,185
2015,2.서울특별시,은평구,191
2016,2.서울특별시,은평구,220
2017,2.서울특별시,은평구,214
2018,2.서울특별시,은평구,238
2019,2.서울특별시,은평구,262
2020,2.서울특별시,은평구,305
2021,2.서울특별시,은평구,333
2022,2.서울특별시,은평구,377
2001,2.서울특별시,종로구,454
2002,2.서울특별시,종로구,485
2003,2.서울특별시,종로구,514
2004,2.서울특별시,종로구,576
2005,2.서울특별시,종로구,701
2006,2.서울특별시,종로구,704
2007,2.서울특별시,종로구,781
2008,2.서울특별시,종로구,939
2009,2.서울특별시,종로구,1056
2010,2.서울특별시,종로구,1000
2011,2.서울특별시,종로구,846
2012,2.서울특별시,종로구,845
2013,2.서울특별시,종로구,883
2014,2.서울특별시,종로구,875
2015,2.서울특별시,종로구,881
2016,2.서울특별시,종로구,948
2017,2.서울특별시,종로구,995
2018,2.서울특별시,종로구,1024
2019,2.서울특별시,종로구,1154
2020,2.서울특별시,종로구,1297
2021,2.서울특별시,종로구,1351
2022,2.서울특별시,종로구,1505
2001,2.서울특별시,중구,947
2002,2.서울특별시,중구,877
2003,2.서울특별시,중구,986
2004,2.서울특별시,중구,1149
2005,2.서울특별시,중구,1330
2006,2.서울특별시,중구,1062
2007,2.서울특별시,중구,1309
2008,2.서울특별시,중구,1617
2009,2.서울특별시,중구,1629
2010,2.서울특별시,중구,1694
2011,2.서울특별시,중구,1377
2012,2.서울특별시,중구,1376
2013,2.서울특별시,중구,1349
2014,2.서울특별시,중구,1262
2015,2.서울특별시,중구,1319
2016,2.서울특별시,중구,1520
2017,2.서울특별시,중구,1576
2018,2.서울특별시,중구,1598
2019,2.서울특별시,중구,1720
2020,2.서울특별시,중구,1922
2021,2.서울특별시,중구,2131
2022,2.서울특별시,중구,2363
2001,2.서울특별시,중랑구,91
2002,2.서울특별시,중랑구,83
2003,2.서울특별시,중랑구,94
2004,2.서울특별시,중랑구,119
2005,2.서울특별시,중랑구,128
2006,2.서울특별시,중랑구,124
2007,2.서울특별시,중랑구,134
2008,2.서울특별시,중랑구,189
2009,2.서울특별시,중랑구,205
2010,2.서울특별시,중랑구,212
2011,2.서울특별시,중랑구,228
2012,2.서울특별시,중랑구,223
2013,2.서울특별시,중랑구,227
2014,2.서울특별시,중랑구,208
2015,2.서울특별시,중랑구,236
2016,2.서울특별시,중랑구,229
2017,2.서울특별시,중랑구,242
2018,2.서울특별시,중랑구,258
2019,2.서울특별시,중랑구,295
2020,2.서울특별시,중랑구,325
2021,2.서울특별시,중랑구,363
2022,2.서울특별시,중랑구,416
2001,3.인천광역시,,605
2002,3.인천광역시,,586
2003,3.인천광역시,,670
2004,3.인천광역시,,708
2005,3.인천광역시,,789
2006,3.인천광역시,,857
2007,3.인천광역시,,989
2008,3.인천광역시,,1070
2009,3.인천광역시,,1275
2010,3.인천광역시,,1261
2011,3.인천광역시,,1237
2012,3.인천광역시,,1342
2013,3.인천광역시,,1389
2014,3.인천광역시,,1433
2015,3.인천광역시,,1313
2016,3.인천광역시,,1546
2017,3.인천광역시,,1632
2018,3.인천광역시,,1726
2019,3.인천광역시,,1815
2020,3.인천광역시,,1881
2021,3.인천광역시,,1875
2022,3.인천광역시,,2129
2001,3.인천광역시,본청,501
2002,3.인천광역시,본청,470
2003,3.인천광역시,본청,544
2004,3.인천광역시,본청,575
2005,3.인천광역시,본청,638
2006,3.인천광역시,본청,710
2007,3.인천광역시,본청,837
2008,3.인천광역시,본청,923
2009,3.인천광역시,본청,1146
2010,3.인천광역시,본청,1097
2011,3.인천광역시,본청,976
2012,3.인천광역시,본청,1145
2013,3.인천광역시,본청,1100
2014,3.인천광역시,본청,1163
2015,3.인천광역시,본청,1030
2016,3.인천광역시,본청,1256
2017,3.인천광역시,본청,1326
2018,3.인천광역시,본청,1377
2019,3.인천광역시,본청,1448
2020,3.인천광역시,본청,1475
2021,3.인천광역시,본청,1455
2022,3.인천광역시,본청,1683
2001,3.인천광역시,강화군,347
2002,3.인천광역시,강화군,332
2003,3.인천광역시,강화군,339
2004,3.인천광역시,강화군,348
2005,3.인천광역시,강화군,374
2006,3.인천광역시,강화군,387
2007,3.인천광역시,강화군,463
2008,3.인천광역시,강화군,629
2009,3.인천광역시,강화군,765
2010,3.인천광역시,강화군,845
2011,3.인천광역시,강화군,630
2012,3.인천광역시,강화군,694
2013,3.인천광역시,강화군,672
2014,3.인천광역시,강화군,576
2015,3.인천광역시,강화군,586
2016,3.인천광역시,강화군,627
2017,3.인천광역시,강화군,657
2018,3.인천광역시,강화군,696
2019,3.인천광역시,강화군,910
2020,3.인천광역시,강화군,1162
2021,3.인천광역시,강화군,1148
2022,3.인천광역시,강화군,1102
2001,3.인천광역시,계양구,72
2002,3.인천광역시,계양구,84
2003,3.인천광역시,계양구,89
2004,3.인천광역시,계양구,93
2005,3.인천광역시,계양구,99
2006,3.인천광역시,계양구,94
2007,3.인천광역시,계양구,90
2008,3.인천광역시,계양구,103
2009,3.인천광역시,계양구,106
2010,3.인천광역시,계양구,121
2011,3.인천광역시,계양구,178
2012,3.인천광역시,계양구,190
2013,3.인천광역시,계양구,178
2014,3.인천광역시,계양구,171
2015,3.인천광역시,계양구,179
2016,3.인천광역시,계양구,194
2017,3.인천광역시,계양구,208
2018,3.인천광역시,계양구,228
2019,3.인천광역시,계양구,241
2020,3.인천광역시,계양구,271
2021,3.인천광역시,계양구,288
2022,3.인천광역시,계양구,325
2001,3.인천광역시,남동구,90
2002,3.인천광역시,남동구,114
2003,3.인천광역시,남동구,134
2004,3.인천광역시,남동구,140
2005,3.인천광역시,남동구,155
2006,3.인천광역시,남동구,176
2007,3.인천광역시,남동구,180
2008,3.인천광역시,남동구,289
2009,3.인천광역시,남동구,271
2010,3.인천광역시,남동구,264
2011,3.인천광역시,남동구,301
2012,3.인천광역시,남동구,305
2013,3.인천광역시,남동구,325
2014,3.인천광역시,남동구,272
2015,3.인천광역시,남동구,276
2016,3.인천광역시,남동구,276
2017,3.인천광역시,남동구,297
2018,3.인천광역시,남동구,314
2019,3.인천광역시,남동구,325
2020,3.인천광역시,남동구,341
2021,3.인천광역시,남동구,372
2022,3.인천광역시,남동구,389
2001,3.인천광역시,동구,172
2002,3.인천광역시,동구,214
2003,3.인천광역시,동구,218
2004,3.인천광역시,동구,195
2005,3.인천광역시,동구,379
2006,3.인천광역시,동구,294
2007,3.인천광역시,동구,329
2008,3.인천광역시,동구,385
2009,3.인천광역시,동구,481
2010,3.인천광역시,동구,564
2011,3.인천광역시,동구,495
2012,3.인천광역시,동구,460
2013,3.인천광역시,동구,439
2014,3.인천광역시,동구,274
2015,3.인천광역시,동구,283
2016,3.인천광역시,동구,308
2017,3.인천광역시,동구,324
2018,3.인천광역시,동구,347
2019,3.인천광역시,동구,393
2020,3.인천광역시,동구,473
2021,3.인천광역시,동구,462
2022,3.인천광역시,동구,525
2001,3.인천광역시,미추홀구,82
2002,3.인천광역시,미추홀구,96
2003,3.인천광역시,미추홀구,93
2004,3.인천광역시,미추홀구,96
2005,3.인천광역시,미추홀구,119
2006,3.인천광역시,미추홀구,115
2007,3.인천광역시,미추홀구,110
2008,3.인천광역시,미추홀구,121
2009,3.인천광역시,미추홀구,129
2010,3.인천광역시,미추홀구,142
2011,3.인천광역시,미추홀구,196
2012,3.인천광역시,미추홀구,208
2013,3.인천광역시,미추홀구,208
2014,3.인천광역시,미추홀구,186
2015,3.인천광역시,미추홀구,191
2016,3.인천광역시,미추홀구,197
2017,3.인천광역시,미추홀구,206
2018,3.인천광역시,미추홀구,224
2019,3.인천광역시,미추홀구,240
2020,3.인천광역시,미추홀구,263
2021,3.인천광역시,미추홀구,272
2022,3.인천광역시,미추홀구,289
2001,3.인천광역시,부평구,87
2002,3.인천광역시,부평구,97
2003,3.인천광역시,부평구,105
2004,3.인천광역시,부평구,96
2005,3.인천광역시,부평구,116
2006,3.인천광역시,부평구,110
2007,3.인천광역시,부평구,109
2008,3.인천광역시,부평구,119
2009,3.인천광역시,부평구,132
2010,3.인천광역시,부평구,150
2011,3.인천광역시,부평구,187
2012,3.인천광역시,부평구,194
2013,3.인천광역시,부평구,204
2014,3.인천광역시,부평구,183
2015,3.인천광역시,부평구,184
2016,3.인천광역시,부평구,204
2017,3.인천광역시,부평구,214
2018,3.인천광역시,부평구,241
2019,3.인천광역시,부평구,273
2020,3.인천광역시,부평구,303
2021,3.인천광역시,부평구,328
2022,3.인천광역시,부평구,340
2001,3.인천광역시,서구,132
2002,3.인천광역시,서구,149
2003,3.인천광역시,서구,163
2004,3.인천광역시,서구,174
2005,3.인천광역시,서구,185
2006,3.인천광역시,서구,166
2007,3.인천광역시,서구,173
2008,3.인천광역시,서구,201
2009,3.인천광역시,서구,233
2010,3.인천광역시,서구,267
2011,3.인천광역시,서구,353
2012,3.인천광역시,서구,354
2013,3.인천광역시,서구,347
2014,3.인천광역시,서구,328
2015,3.인천광역시,서구,337
2016,3.인천광역시,서구,365
2017,3.인천광역시,서구,392
2018,3.인천광역시,서구,424
2019,3.인천광역시,서구,471
2020,3.인천광역시,서구,496
2021,3.인천광역시,서구,540
2022,3.인천광역시,서구,566
2001,3.인천광역시,연수구,102
2002,3.인천광역시,연수구,107
2003,3.인천광역시,연수구,131
2004,3.인천광역시,연수구,130
2005,3.인천광역시,연수구,156
2006,3.인천광역시,연수구,150
2007,3.인천광역시,연수구,135
2008,3.인천광역시,연수구,174
2009,3.인천광역시,연수구,216
2010,3.인천광역시,연수구,227
2011,3.인천광역시,연수구,385
2012,3.인천광역시,연수구,379
2013,3.인천광역시,연수구,381
2014,3.인천광역시,연수구,331
2015,3.인천광역시,연수구,344
2016,3.인천광역시,연수구,387
2017,3.인천광역시,연수구,408
2018,3.인천광역시,연수구,463
2019,3.인천광역시,연수구,506
2020,3.인천광역시,연수구,519
2021,3.인천광역시,연수구,492
2022,3.인천광역시,연수구,533
2001,3.인천광역시,옹진군,1009
2002,3.인천광역시,옹진군,1285
2003,3.인천광역시,옹진군,1211
2004,3.인천광역시,옹진군,2082
2005,3.인천광역시,옹진군,1374
2006,3.인천광역시,옹진군,1429
2007,3.인천광역시,옹진군,2137
2008,3.인천광역시,옹진군,905
2009,3.인천광역시,옹진군,2244
2010,3.인천광역시,옹진군,2125
2011,3.인천광역시,옹진군,1829
2012,3.인천광역시,옹진군,1763
2013,3.인천광역시,옹진군,1532
2014,3.인천광역시,옹진군,950
2015,3.인천광역시,옹진군,994
2016,3.인천광역시,옹진군,1082
2017,3.인천광역시,옹진군,1123
2018,3.인천광역시,옹진군,1102
2019,3.인천광역시,옹진군,1016
2020,3.인천광역시,옹진군,1340
2021,3.인천광역시,옹진군,1354
2022,3.인천광역시,옹진군,1499
2001,3.인천광역시,중구,362
2002,3.인천광역시,중구,449
2003,3.인천광역시,중구,437
2004,3.인천광역시,중구,486
2005,3.인천광역시,중구,524
2006,3.인천광역시,중구,505
2007,3.인천광역시,중구,532
2008,3.인천광역시,중구,710
2009,3.인천광역시,중구,899
2010,3.인천광역시,중구,1039
2011,3.인천광역시,중구,1016
2012,3.인천광역시,중구,1031
2013,3.인천광역시,중구,1108
2014,3.인천광역시,중구,960
2015,3.인천광역시,중구,968
2016,3.인천광역시,중구,978
2017,3.인천광역시,중구,1044
2018,3.인천광역시,중구,1109
2019,3.인천광역시,중구,1240
2020,3.인천광역시,중구,1261
2021,3.인천광역시,중구,1233
2022,3.인천광역시,중구,1260
2001,4.경기도,,660
2002,4.경기도,,718
2003,4.경기도,,888
2004,4.경기도,,984
2005,4.경기도,,943
2006,4.경기도,,1012
2007,4.경기도,,1080
2008,4.경기도,,1270
2009,4.경기도,,1353
2010,4.경기도,,1275
2011,4.경기도,,1270
2012,4.경기도,,1349
2013,4.경기도,,1374
2014,4.경기도,,1211
2015,4.경기도,,1290
2016,4.경기도,,1393
2017,4.경기도,,1530
2018,4.경기도,,1704
2019,4.경기도,,1798
2020,4.경기도,,1878
2021,4.경기도,,1883
2022,4.경기도,,2308
2001,4.경기도,본청,325
2002,4.경기도,본청,370
2003,4.경기도,본청,523
2004,4.경기도,본청,588
2005,4.경기도,본청,503
2006,4.경기도,본청,535
2007,4.경기도,본청,562
2008,4.경기도,본청,611
2009,4.경기도,본청,613
2010,4.경기도,본청,572
2011,4.경기도,본청,610
2012,4.경기도,본청,671
2013,4.경기도,본청,672
2014,4.경기도,본청,573
2015,4.경기도,본청,655
2016,4.경기도,본청,704
2017,4.경기도,본청,772
2018,4.경기도,본청,869
2019,4.경기도,본청,921
2020,4.경기도,본청,983
2021,4.경기도,본청,978
2022,4.경기도,본청,1300
2001,4.경기도,가평군,429
2002,4.경기도,가평군,414
2003,4.경기도,가평군,455
2004,4.경기도,가평군,577
2005,4.경기도,가평군,605
2006,4.경기도,가평군,673
2007,4.경기도,가평군,769
2008,4.경기도,가평군,873
2009,4.경기도,가평군,904
2010,4.경기도,가평군,1098
2011,4.경기도,가평군,1068
2012,4.경기도,가평군,1159
2013,4.경기도,가평군,1159
2014,4.경기도,가평군,800
2015,4.경기도,가평군,818
2016,4.경기도,가평군,854
2017,4.경기도,가평군,933
2018,4.경기도,가평군,1053
2019,4.경기도,가평군,1100
2020,4.경기도,가평군,1170
2021,4.경기도,가평군,1187
2022,4.경기도,가평군,1271
2001,4.경기도,고양시,360
2002,4.경기도,고양시,372
2003,4.경기도,고양시,372
2004,4.경기도,고양시,413
2005,4.경기도,고양시,380
2006,4.경기도,고양시,438
2007,4.경기도,고양시,500
2008,4.경기도,고양시,522
2009,4.경기도,고양시,575
2010,4.경기도,고양시,581
2011,4.경기도,고양시,512
2012,4.경기도,고양시,546
2013,4.경기도,고양시,579
2014,4.경기도,고양시,530
2015,4.경기도,고양시,516
2016,4.경기도,고양시,536
2017,4.경기도,고양시,576
2018,4.경기도,고양시,637
2019,4.경기도,고양시,670
2020,4.경기도,고양시,670
2021,4.경기도,고양시,691
2022,4.경기도,고양시,765
2001,4.경기도,과천시,822
2002,4.경기도,과천시,905
2003,4.경기도,과천시,1026
2004,4.경기도,과천시,935
2005,4.경기도,과천시,985
2006,4.경기도,과천시,1211
2007,4.경기도,과천시,1289
2008,4.경기도,과천시,1359
2009,4.경기도,과천시,1421
2010,4.경기도,과천시,1348
2011,4.경기도,과천시,1366
2012,4.경기도,과천시,1297
2013,4.경기도,과천시,1378
2014,4.경기도,과천시,1139
2015,4.경기도,과천시,1120
2016,4.경기도,과천시,1150
2017,4.경기도,과천시,1405
2018,4.경기도,과천시,1576
2019,4.경기도,과천시,1763
2020,4.경기도,과천시,1912
2021,4.경기도,과천시,1826
2022,4.경기도,과천시,2054
2001,4.경기도,광명시,262
2002,4.경기도,광명시,300
2003,4.경기도,광명시,269
2004,4.경기도,광명시,301
2005,4.경기도,광명시,335
2006,4.경기도,광명시,345
2007,4.경기도,광명시,395
2008,4.경기도,광명시,449
2009,4.경기도,광명시,558
2010,4.경기도,광명시,566
2011,4.경기도,광명시,510
2012,4.경기도,광명시,541
2013,4.경기도,광명시,541
2014,4.경기도,광명시,452
2015,4.경기도,광명시,469
2016,4.경기도,광명시,553
2017,4.경기도,광명시,624
2018,4.경기도,광명시,658
2019,4.경기도,광명시,704
2020,4.경기도,광명시,766
2021,4.경기도,광명시,819
2022,4.경기도,광명시,922
2001,4.경기도,광주시,342
2002,4.경기도,광주시,387
2003,4.경기도,광주시,408
2004,4.경기도,광주시,504
2005,4.경기도,광주시,582
2006,4.경기도,광주시,620
2007,4.경기도,광주시,687
2008,4.경기도,광주시,861
2009,4.경기도,광주시,975
2010,4.경기도,광주시,947
2011,4.경기도,광주시,920
2012,4.경기도,광주시,876
2013,4.경기도,광주시,839
2014,4.경기도,광주시,1003
2015,4.경기도,광주시,724
2016,4.경기도,광주시,748
2017,4.경기도,광주시,860
2018,4.경기도,광주시,883
2019,4.경기도,광주시,911
2020,4.경기도,광주시,961
2021,4.경기도,광주시,954
2022,4.경기도,광주시,996
2001,4.경기도,구리시,331
2002,4.경기도,구리시,314
2003,4.경기도,구리시,285
2004,4.경기도,구리시,413
2005,4.경기도,구리시,340
2006,4.경기도,구리시,352
2007,4.경기도,구리시,329
2008,4.경기도,구리시,386
2009,4.경기도,구리시,470
2010,4.경기도,구리시,530
2011,4.경기도,구리시,473
2012,4.경기도,구리시,504
2013,4.경기도,구리시,519
2014,4.경기도,구리시,474
2015,4.경기도,구리시,499
2016,4.경기도,구리시,531
2017,4.경기도,구리시,555
2018,4.경기도,구리시,617
2019,4.경기도,구리시,662
2020,4.경기도,구리시,730
2021,4.경기도,구리시,942
2022,4.경기도,구리시,858
2001,4.경기도,군포시,290
2002,4.경기도,군포시,292
2003,4.경기도,군포시,310
2004,4.경기도,군포시,325
2005,4.경기도,군포시,341
2006,4.경기도,군포시,440
2007,4.경기도,군포시,418
2008,4.경기도,군포시,455
2009,4.경기도,군포시,560
2010,4.경기도,군포시,495
2011,4.경기도,군포시,501
2012,4.경기도,군포시,530
2013,4.경기도,군포시,558
2014,4.경기도,군포시,480
2015,4.경기도,군포시,520
2016,4.경기도,군포시,563
2017,4.경기도,군포시,586
2018,4.경기도,군포시,645
2019,4.경기도,군포시,684
2020,4.경기도,군포시,702
2021,4.경기도,군포시,745
2022,4.경기도,군포시,819
2001,4.경기도,김포시,413
2002,4.경기도,김포시,358
2003,4.경기도,김포시,372
2004,4.경기도,김포시,406
2005,4.경기도,김포시,402
2006,4.경기도,김포시,474
2007,4.경기도,김포시,562
2008,4.경기도,김포시,948
2009,4.경기도,김포시,1027
2010,4.경기도,김포시,913
2011,4.경기도,김포시,853
2012,4.경기도,김포시,843
2013,4.경기도,김포시,853
2014,4.경기도,김포시,655
2015,4.경기도,김포시,652
2016,4.경기도,김포시,695
2017,4.경기도,김포시,718
2018,4.경기도,김포시,729
2019,4.경기도,김포시,764
2020,4.경기도,김포시,861
2021,4.경기도,김포시,815
2022,4.경기도,김포시,912
2001,4.경기도,남양주시,269
2002,4.경기도,남양주시,292
2003,4.경기도,남양주시,280
2004,4.경기도,남양주시,311
2005,4.경기도,남양주시,328
2006,4.경기도,남양주시,299
2007,4.경기도,남양주시,319
2008,4.경기도,남양주시,377
2009,4.경기도,남양주시,423
2010,4.경기도,남양주시,471
2011,4.경기도,남양주시,440
2012,4.경기도,남양주시,459
2013,4.경기도,남양주시,465
2014,4.경기도,남양주시,425
2015,4.경기도,남양주시,436
2016,4.경기도,남양주시,459
2017,4.경기도,남양주시,514
2018,4.경기도,남양주시,546
2019,4.경기도,남양주시,611
2020,4.경기도,남양주시,647
2021,4.경기도,남양주시,670
2022,4.경기도,남양주시,736
2001,4.경기도,동두천시,398
2002,4.경기도,동두천시,358
2003,4.경기도,동두천시,369
2004,4.경기도,동두천시,354
2005,4.경기도,동두천시,368
2006,4.경기도,동두천시,427
2007,4.경기도,동두천시,428
2008,4.경기도,동두천시,417
2009,4.경기도,동두천시,432
2010,4.경기도,동두천시,491
2011,4.경기도,동두천시,553
2012,4.경기도,동두천시,489
2013,4.경기도,동두천시,501
2014,4.경기도,동두천시,406
2015,4.경기도,동두천시,393
2016,4.경기도,동두천시,407
2017,4.경기도,동두천시,457
2018,4.경기도,동두천시,517
2019,4.경기도,동두천시,544
2020,4.경기도,동두천시,616
2021,4.경기도,동두천시,632
2022,4.경기도,동두천시,670
2001,4.경기도,부천시,325
2002,4.경기도,부천시,340
2003,4.경기도,부천시,296
2004,4.경기도,부천시,330
2005,4.경기도,부천시,366
2006,4.경기도,부천시,357
2007,4.경기도,부천시,368
2008,4.경기도,부천시,454
2009,4.경기도,부천시,471
2010,4.경기도,부천시,461
2011,4.경기도,부천시,436
2012,4.경기도,부천시,491
2013,4.경기도,부천시,444
2014,4.경기도,부천시,430
2015,4.경기도,부천시,428
2016,4.경기도,부천시,482
2017,4.경기도,부천시,508
2018,4.경기도,부천시,557
2019,4.경기도,부천시,579
2020,4.경기도,부천시,610
2021,4.경기도,부천시,649
2022,4.경기도,부천시,703
2001,4.경기도,성남시,416
2002,4.경기도,성남시,406
2003,4.경기도,성남시,426
2004,4.경기도,성남시,529
2005,4.경기도,성남시,563
2006,4.경기도,성남시,623
2007,4.경기도,성남시,756
2008,4.경기도,성남시,895
2009,4.경기도,성남시,991
2010,4.경기도,성남시,857
2011,4.경기도,성남시,895
2012,4.경기도,성남시,817
2013,4.경기도,성남시,909
2014,4.경기도,성남시,855
2015,4.경기도,성남시,895
2016,4.경기도,성남시,910
2017,4.경기도,성남시,1029
2018,4.경기도,성남시,1255
2019,4.경기도,성남시,1271
2020,4.경기도,성남시,1387
2021,4.경기도,성남시,1464
2022,4.경기도,성남시,1734
2001,4.경기도,수원시,357
2002,4.경기도,수원시,356
2003,4.경기도,수원시,401
2004,4.경기도,수원시,419
2005,4.경기도,수원시,500
2006,4.경기도,수원시,514
2007,4.경기도,수원시,468
2008,4.경기도,수원시,569
2009,4.경기도,수원시,619
2010,4.경기도,수원시,641
2011,4.경기도,수원시,619
2012,4.경기도,수원시,662
2013,4.경기도,수원시,710
2014,4.경기도,수원시,660
2015,4.경기도,수원시,692
2016,4.경기도,수원시,732
2017,4.경기도,수원시,753
2018,4.경기도,수원시,831
2019,4.경기도,수원시,913
2020,4.경기도,수원시,917
2021,4.경기도,수원시,890
2022,4.경기도,수원시,960
2001,4.경기도,시흥시,320
2002,4.경기도,시흥시,321
2003,4.경기도,시흥시,342
2004,4.경기도,시흥시,430
2005,4.경기도,시흥시,396
2006,4.경기도,시흥시,448
2007,4.경기도,시흥시,548
2008,4.경기도,시흥시,629
2009,4.경기도,시흥시,743
2010,4.경기도,시흥시,679
2011,4.경기도,시흥시,624
2012,4.경기도,시흥시,706
2013,4.경기도,시흥시,669
2014,4.경기도,시흥시,645
2015,4.경기도,시흥시,716
2016,4.경기도,시흥시,763
2017,4.경기도,시흥시,819
2018,4.경기도,시흥시,887
2019,4.경기도,시흥시,903
2020,4.경기도,시흥시,936
2021,4.경기도,시흥시,882
2022,4.경기도,시흥시,926
2001,4.경기도,안산시,351
2002,4.경기도,안산시,381
2003,4.경기도,안산시,387
2004,4.경기도,안산시,419
2005,4.경기도,안산시,441
2006,4.경기도,안산시,461
2007,4.경기도,안산시,401
2008,4.경기도,안산시,499
2009,4.경기도,안산시,515
2010,4.경기도,안산시,593
2011,4.경기도,안산시,516
2012,4.경기도,안산시,545
2013,4.경기도,안산시,796
2014,4.경기도,안산시,563
2015,4.경기도,안산시,604
2016,4.경기도,안산시,640
2017,4.경기도,안산시,1172
2018,4.경기도,안산시,789
2019,4.경기도,안산시,871
2020,4.경기도,안산시,860
2021,4.경기도,안산시,907
2022,4.경기도,안산시,967
2001,4.경기도,안성시,350
2002,4.경기도,안성시,382
2003,4.경기도,안성시,398
2004,4.경기도,안성시,439
2005,4.경기도,안성시,521
2006,4.경기도,안성시,512
2007,4.경기도,안성시,619
2008,4.경기도,안성시,678
2009,4.경기도,안성시,775
2010,4.경기도,안성시,779
2011,4.경기도,안성시,786
2012,4.경기도,안성시,826
2013,4.경기도,안성시,914
2014,4.경기도,안성시,865
2015,4.경기도,안성시,837
2016,4.경기도,안성시,874
2017,4.경기도,안성시,876
2018,4.경기도,안성시,1037
2019,4.경기도,안성시,1235
2020,4.경기도,안성시,1169
2021,4.경기도,안성시,1232
2022,4.경기도,안성시,1423
2001,4.경기도,안양시,356
2002,4.경기도,안양시,345
2003,4.경기도,안양시,372
2004,4.경기도,안양시,410
2005,4.경기도,안양시,413
2006,4.경기도,안양시,435
2007,4.경기도,안양시,491
2008,4.경기도,안양시,543
2009,4.경기도,안양시,587
2010,4.경기도,안양시,570
2011,4.경기도,안양시,559
2012,4.경기도,안양시,582
2013,4.경기도,안양시,616
2014,4.경기도,안양시,538
2015,4.경기도,안양시,548
2016,4.경기도,안양시,584
2017,4.경기도,안양시,648
2018,4.경기도,안양시,720
2019,4.경기도,안양시,748
2020,4.경기도,안양시,791
2021,4.경기도,안양시,847
2022,4.경기도,안양시,934
2001,4.경기도,양주시,310
2002,4.경기도,양주시,286
2003,4.경기도,양주시,425
2004,4.경기도,양주시,351
2005,4.경기도,양주시,423
2006,4.경기도,양주시,524
2007,4.경기도,양주시,479
2008,4.경기도,양주시,877
2009,4.경기도,양주시,1253
2010,4.경기도,양주시,779
2011,4.경기도,양주시,693
2012,4.경기도,양주시,669
2013,4.경기도,양주시,652
2014,4.경기도,양주시,624
2015,4.경기도,양주시,620
2016,4.경기도,양주시,771
2017,4.경기도,양주시,785
2018,4.경기도,양주시,868
2019,4.경기도,양주시,851
2020,4.경기도,양주시,917
2021,4.경기도,양주시,881
2022,4.경기도,양주시,956
2001,4.경기도,양평군,356
2002,4.경기도,양평군,339
2003,4.경기도,양평군,348
2004,4.경기도,양평군,397
2005,4.경기도,양평군,395
2006,4.경기도,양평군,401
2007,4.경기도,양평군,445
2008,4.경기도,양평군,654
2009,4.경기도,양평군,998
2010,4.경기도,양평군,670
2011,4.경기도,양평군,691
2012,4.경기도,양평군,715
2013,4.경기도,양평군,748
2014,4.경기도,양평군,671
2015,4.경기도,양평군,645
2016,4.경기도,양평군,683
2017,4.경기도,양평군,753
2018,4.경기도,양평군,777
2019,4.경기도,양평군,796
2020,4.경기도,양평군,917
2021,4.경기도,양평군,916
2022,4.경기도,양평군,1029
2001,4.경기도,여주시,309
2002,4.경기도,여주시,453
2003,4.경기도,여주시,498
2004,4.경기도,여주시,515
2005,4.경기도,여주시,632
2006,4.경기도,여주시,756
2007,4.경기도,여주시,889
2008,4.경기도,여주시,1120
2009,4.경기도,여주시,1168
2010,4.경기도,여주시,909
2011,4.경기도,여주시,1123
2012,4.경기도,여주시,1091
2013,4.경기도,여주시,1098
2014,4.경기도,여주시,1013
2015,4.경기도,여주시,1018
2016,4.경기도,여주시,1048
2017,4.경기도,여주시,1125
2018,4.경기도,여주시,1155
2019,4.경기도,여주시,1171
2020,4.경기도,여주시,1336
2021,4.경기도,여주시,1327
2022,4.경기도,여주시,1380
2001,4.경기도,연천군,351
2002,4.경기도,연천군,477
2003,4.경기도,연천군,462
2004,4.경기도,연천군,555
2005,4.경기도,연천군,831
2006,4.경기도,연천군,926
2007,4.경기도,연천군,1327
2008,4.경기도,연천군,1563
2009,4.경기도,연천군,1583
2010,4.경기도,연천군,1571
2011,4.경기도,연천군,1599
2012,4.경기도,연천군,1460
2013,4.경기도,연천군,1396
2014,4.경기도,연천군,1190
2015,4.경기도,연천군,1318
2016,4.경기도,연천군,1330
2017,4.경기도,연천군,1302
2018,4.경기도,연천군,1266
2019,4.경기도,연천군,1328
2020,4.경기도,연천군,1718
2021,4.경기도,연천군,1848
2022,4.경기도,연천군,1682
2001,4.경기도,오산시,320
2002,4.경기도,오산시,361
2003,4.경기도,오산시,418
2004,4.경기도,오산시,407
2005,4.경기도,오산시,547
2006,4.경기도,오산시,964
2007,4.경기도,오산시,907
2008,4.경기도,오산시,794
2009,4.경기도,오산시,843
2010,4.경기도,오산시,764
2011,4.경기도,오산시,651
2012,4.경기도,오산시,590
2013,4.경기도,오산시,564
2014,4.경기도,오산시,505
2015,4.경기도,오산시,509
2016,4.경기도,오산시,550
2017,4.경기도,오산시,689
2018,4.경기도,오산시,723
2019,4.경기도,오산시,728
2020,4.경기도,오산시,730
2021,4.경기도,오산시,745
2022,4.경기도,오산시,793
2001,4.경기도,용인시,563
2002,4.경기도,용인시,488
2003,4.경기도,용인시,576
2004,4.경기도,용인시,652
2005,4.경기도,용인시,633
2006,4.경기도,용인시,558
2007,4.경기도,용인시,803
2008,4.경기도,용인시,991
2009,4.경기도,용인시,1070
2010,4.경기도,용인시,877
2011,4.경기도,용인시,856
2012,4.경기도,용인시,852
2013,4.경기도,용인시,875
2014,4.경기도,용인시,798
2015,4.경기도,용인시,784
2016,4.경기도,용인시,848
2017,4.경기도,용인시,909
2018,4.경기도,용인시,1031
2019,4.경기도,용인시,998
2020,4.경기도,용인시,1005
2021,4.경기도,용인시,999
2022,4.경기도,용인시,1173
2001,4.경기도,의왕시,293
2002,4.경기도,의왕시,311
2003,4.경기도,의왕시,329
2004,4.경기도,의왕시,332
2005,4.경기도,의왕시,418
2006,4.경기도,의왕시,387
2007,4.경기도,의왕시,445
2008,4.경기도,의왕시,452
2009,4.경기도,의왕시,693
2010,4.경기도,의왕시,680
2011,4.경기도,의왕시,684
2012,4.경기도,의왕시,607
2013,4.경기도,의왕시,672
2014,4.경기도,의왕시,609
2015,4.경기도,의왕시,566
2016,4.경기도,의왕시,632
2017,4.경기도,의왕시,789
2018,4.경기도,의왕시,877
2019,4.경기도,의왕시,872
2020,4.경기도,의왕시,902
2021,4.경기도,의왕시,846
2022,4.경기도,의왕시,1038
2001,4.경기도,의정부시,272
2002,4.경기도,의정부시,293
2003,4.경기도,의정부시,291
2004,4.경기도,의정부시,357
2005,4.경기도,의정부시,354
2006,4.경기도,의정부시,348
2007,4.경기도,의정부시,344
2008,4.경기도,의정부시,375
2009,4.경기도,의정부시,497
2010,4.경기도,의정부시,456
2011,4.경기도,의정부시,453
2012,4.경기도,의정부시,432
2013,4.경기도,의정부시,400
2014,4.경기도,의정부시,365
2015,4.경기도,의정부시,368
2016,4.경기도,의정부시,415
2017,4.경기도,의정부시,450
2018,4.경기도,의정부시,487
2019,4.경기도,의정부시,503
2020,4.경기도,의정부시,531
2021,4.경기도,의정부시,530
2022,4.경기도,의정부시,546
2001,4.경기도,이천시,380
2002,4.경기도,이천시,410
2003,4.경기도,이천시,416
2004,4.경기도,이천시,434
2005,4.경기도,이천시,558
2006,4.경기도,이천시,574
2007,4.경기도,이천시,620
2008,4.경기도,이천시,682
2009,4.경기도,이천시,854
2010,4.경기도,이천시,977
2011,4.경기도,이천시,994
2012,4.경기도,이천시,826
2013,4.경기도,이천시,863
2014,4.경기도,이천시,805
2015,4.경기도,이천시,1011
2016,4.경기도,이천시,1135
2017,4.경기도,이천시,1146
2018,4.경기도,이천시,1639
2019,4.경기도,이천시,2177
2020,4.경기도,이천시,1577
2021,4.경기도,이천시,1506
2022,4.경기도,이천시,1844
2001,4.경기도,파주시,392
2002,4.경기도,파주시,359
2003,4.경기도,파주시,458
2004,4.경기도,파주시,491
2005,4.경기도,파주시,525
2006,4.경기도,파주시,620
2007,4.경기도,파주시,601
2008,4.경기도,파주시,743
2009,4.경기도,파주시,821
2010,4.경기도,파주시,814
2011,4.경기도,파주시,789
2012,4.경기도,파주시,744
2013,4.경기도,파주시,700
2014,4.경기도,파주시,631
2015,4.경기도,파주시,631
2016,4.경기도,파주시,648
2017,4.경기도,파주시,673
2018,4.경기도,파주시,686
2019,4.경기도,파주시,728
2020,4.경기도,파주시,894
2021,4.경기도,파주시,841
2022,4.경기도,파주시,895
2001,4.경기도,평택시,376
2002,4.경기도,평택시,395
2003,4.경기도,평택시,368
2004,4.경기도,평택시,413
2005,4.경기도,평택시,455
2006,4.경기도,평택시,512
2007,4.경기도,평택시,661
2008,4.경기도,평택시,909
2009,4.경기도,평택시,960
2010,4.경기도,평택시,971
2011,4.경기도,평택시,859
2012,4.경기도,평택시,879
2013,4.경기도,평택시,749
2014,4.경기도,평택시,697
2015,4.경기도,평택시,727
2016,4.경기도,평택시,811
2017,4.경기도,평택시,897
2018,4.경기도,평택시,1103
2019,4.경기도,평택시,1222
2020,4.경기도,평택시,1182
2021,4.경기도,평택시,1197
2022,4.경기도,평택시,1247
2001,4.경기도,포천시,328
2002,4.경기도,포천시,407
2003,4.경기도,포천시,395
2004,4.경기도,포천시,442
2005,4.경기도,포천시,476
2006,4.경기도,포천시,505
2007,4.경기도,포천시,543
2008,4.경기도,포천시,606
2009,4.경기도,포천시,761
2010,4.경기도,포천시,812
2011,4.경기도,포천시,762
2012,4.경기도,포천시,791
2013,4.경기도,포천시,713
2014,4.경기도,포천시,751
2015,4.경기도,포천시,702
2016,4.경기도,포천시,718
2017,4.경기도,포천시,822
2018,4.경기도,포천시,868
2019,4.경기도,포천시,973
2020,4.경기도,포천시,1059
2021,4.경기도,포천시,1218
2022,4.경기도,포천시,1221
2001,4.경기도,하남시,301
2002,4.경기도,하남시,367
2003,4.경기도,하남시,370
2004,4.경기도,하남시,501
2005,4.경기도,하남시,549
2006,4.경기도,하남시,614
2007,4.경기도,하남시,535
2008,4.경기도,하남시,701
2009,4.경기도,하남시,762
2010,4.경기도,하남시,738
2011,4.경기도,하남시,778
2012,4.경기도,하남시,964
2013,4.경기도,하남시,1033
2014,4.경기도,하남시,775
2015,4.경기도,하남시,782
2016,4.경기도,하남시,873
2017,4.경기도,하남시,805
2018,4.경기도,하남시,815
2019,4.경기도,하남시,833
2020,4.경기도,하남시,929
2021,4.경기도,하남시,1065
2022,4.경기도,하남시,1115
2001,4.경기도,화성시,426
2002,4.경기도,화성시,494
2003,4.경기도,화성시,687
2004,4.경기도,화성시,623
2005,4.경기도,화성시,854
2006,4.경기도,화성시,890
2007,4.경기도,화성시,1097
2008,4.경기도,화성시,1164
2009,4.경기도,화성시,1366
2010,4.경기도,화성시,1227
2011,4.경기도,화성시,902
2012,4.경기도,화성시,922
2013,4.경기도,화성시,1048
2014,4.경기도,화성시,1096
2015,4.경기도,화성시,1272
2016,4.경기도,화성시,1418
2017,4.경기도,화성시,1401
2018,4.경기도,화성시,1540
2019,4.경기도,화성시,1762
2020,4.경기도,화성시,1536
2021,4.경기도,화성시,1434
2022,4.경기도,화성시,1702
