﻿Year,시도,시군구,Value
2004,0.전국,,78.98
2005,0.전국,,79.42
2006,0.전국,,79.9
2007,0.전국,,80.35
2008,0.전국,,80.85
2009,0.전국,,81.33
2010,0.전국,,81.46
2011,0.전국,,81.88
2012,0.전국,,82.07
2013,0.전국,,82.59
2014,0.전국,,83.0
2015,0.전국,,83.37
2016,0.전국,,83.59
2017,0.전국,,83.92
2018,0.전국,,83.92
2019,0.전국,,84.57
2007,2.서울특별시,,81.3
2008,2.서울특별시,,81.76
2009,2.서울특별시,,82.27
2010,2.서울특별시,,82.68
2011,2.서울특별시,,83.06
2012,2.서울특별시,,83.31
2013,2.서울특별시,,83.56
2014,2.서울특별시,,83.88
2015,2.서울특별시,,84.23
2016,2.서울특별시,,84.54
2017,2.서울특별시,,84.86
2018,2.서울특별시,,85.09
2019,2.서울특별시,,85.38
2009,2.서울특별시,강남구,83.5
2010,2.서울특별시,강남구,83.88
2011,2.서울특별시,강남구,84.44
2012,2.서울특별시,강남구,84.9
2013,2.서울특별시,강남구,85.2
2014,2.서울특별시,강남구,85.36
2015,2.서울특별시,강남구,85.75
2016,2.서울특별시,강남구,86.14
2017,2.서울특별시,강남구,86.44
2018,2.서울특별시,강남구,86.65
2019,2.서울특별시,강남구,86.86
2009,2.서울특별시,강동구,82.13
2010,2.서울특별시,강동구,82.48
2011,2.서울특별시,강동구,82.83
2012,2.서울특별시,강동구,83.02
2013,2.서울특별시,강동구,83.17
2014,2.서울특별시,강동구,83.48
2015,2.서울특별시,강동구,83.73
2016,2.서울특별시,강동구,84.03
2017,2.서울특별시,강동구,84.24
2018,2.서울특별시,강동구,84.52
2019,2.서울특별시,강동구,85.03
2009,2.서울특별시,강북구,81.0
2010,2.서울특별시,강북구,81.47
2011,2.서울특별시,강북구,81.81
2012,2.서울특별시,강북구,82.28
2013,2.서울특별시,강북구,82.6
2014,2.서울특별시,강북구,82.89
2015,2.서울특별시,강북구,82.85
2016,2.서울특별시,강북구,83.05
2017,2.서울특별시,강북구,83.39
2018,2.서울특별시,강북구,83.72
2019,2.서울특별시,강북구,84.01
2009,2.서울특별시,강서구,81.3
2010,2.서울특별시,강서구,81.63
2011,2.서울특별시,강서구,82.1
2012,2.서울특별시,강서구,82.56
2013,2.서울특별시,강서구,82.81
2014,2.서울특별시,강서구,82.99
2015,2.서울특별시,강서구,83.22
2016,2.서울특별시,강서구,83.56
2017,2.서울특별시,강서구,84.02
2018,2.서울특별시,강서구,84.23
2019,2.서울특별시,강서구,84.58
2009,2.서울특별시,관악구,81.38
2010,2.서울특별시,관악구,81.86
2011,2.서울특별시,관악구,82.27
2012,2.서울특별시,관악구,82.63
2013,2.서울특별시,관악구,82.92
2014,2.서울특별시,관악구,83.23
2015,2.서울특별시,관악구,83.54
2016,2.서울특별시,관악구,83.74
2017,2.서울특별시,관악구,84.03
2018,2.서울특별시,관악구,84.35
2019,2.서울특별시,관악구,84.74
2009,2.서울특별시,광진구,82.05
2010,2.서울특별시,광진구,82.52
2011,2.서울특별시,광진구,82.9
2012,2.서울특별시,광진구,83.25
2013,2.서울특별시,광진구,83.67
2014,2.서울특별시,광진구,83.74
2015,2.서울특별시,광진구,83.9
2016,2.서울특별시,광진구,84.27
2017,2.서울특별시,광진구,84.55
2018,2.서울특별시,광진구,84.8
2019,2.서울특별시,광진구,85.1
2009,2.서울특별시,구로구,81.49
2010,2.서울특별시,구로구,81.91
2011,2.서울특별시,구로구,82.2
2012,2.서울특별시,구로구,82.56
2013,2.서울특별시,구로구,83.08
2014,2.서울특별시,구로구,83.47
2015,2.서울특별시,구로구,83.97
2016,2.서울특별시,구로구,84.32
2017,2.서울특별시,구로구,84.58
2018,2.서울특별시,구로구,84.72
2019,2.서울특별시,구로구,84.98
2009,2.서울특별시,금천구,80.79
2010,2.서울특별시,금천구,81.16
2011,2.서울특별시,금천구,81.53
2012,2.서울특별시,금천구,81.87
2013,2.서울특별시,금천구,82.11
2014,2.서울특별시,금천구,82.12
2015,2.서울특별시,금천구,82.52
2016,2.서울특별시,금천구,82.66
2017,2.서울특별시,금천구,83.05
2018,2.서울특별시,금천구,83.43
2019,2.서울특별시,금천구,83.82
2009,2.서울특별시,노원구,81.12
2010,2.서울특별시,노원구,81.48
2011,2.서울특별시,노원구,81.93
2012,2.서울특별시,노원구,82.33
2013,2.서울특별시,노원구,82.76
2014,2.서울특별시,노원구,83.17
2015,2.서울특별시,노원구,83.56
2016,2.서울특별시,노원구,83.9
2017,2.서울특별시,노원구,84.17
2018,2.서울특별시,노원구,84.38
2019,2.서울특별시,노원구,84.53
2009,2.서울특별시,도봉구,82.05
2010,2.서울특별시,도봉구,82.48
2011,2.서울특별시,도봉구,82.88
2012,2.서울특별시,도봉구,82.98
2013,2.서울특별시,도봉구,83.21
2014,2.서울특별시,도봉구,83.36
2015,2.서울특별시,도봉구,83.6
2016,2.서울특별시,도봉구,83.73
2017,2.서울특별시,도봉구,84.12
2018,2.서울특별시,도봉구,84.35
2019,2.서울특별시,도봉구,84.67
2009,2.서울특별시,동대문구,80.87
2010,2.서울특별시,동대문구,81.11
2011,2.서울특별시,동대문구,81.49
2012,2.서울특별시,동대문구,81.87
2013,2.서울특별시,동대문구,82.28
2014,2.서울특별시,동대문구,82.63
2015,2.서울특별시,동대문구,83.12
2016,2.서울특별시,동대문구,83.42
2017,2.서울특별시,동대문구,83.89
2018,2.서울특별시,동대문구,84.16
2019,2.서울특별시,동대문구,84.52
2009,2.서울특별시,동작구,82.43
2010,2.서울특별시,동작구,82.81
2011,2.서울특별시,동작구,83.25
2012,2.서울특별시,동작구,83.41
2013,2.서울특별시,동작구,83.97
2014,2.서울특별시,동작구,84.36
2015,2.서울특별시,동작구,84.65
2016,2.서울특별시,동작구,85.01
2017,2.서울특별시,동작구,85.26
2018,2.서울특별시,동작구,85.68
2019,2.서울특별시,동작구,85.87
2009,2.서울특별시,마포구,82.08
2010,2.서울특별시,마포구,82.49
2011,2.서울특별시,마포구,82.83
2012,2.서울특별시,마포구,83.3
2013,2.서울특별시,마포구,83.9
2014,2.서울특별시,마포구,84.07
2015,2.서울특별시,마포구,84.38
2016,2.서울특별시,마포구,84.52
2017,2.서울특별시,마포구,85.05
2018,2.서울특별시,마포구,85.24
2019,2.서울특별시,마포구,85.38
2009,2.서울특별시,서대문구,81.74
2010,2.서울특별시,서대문구,82.24
2011,2.서울특별시,서대문구,82.68
2012,2.서울특별시,서대문구,83.24
2013,2.서울특별시,서대문구,83.57
2014,2.서울특별시,서대문구,84.05
2015,2.서울특별시,서대문구,84.42
2016,2.서울특별시,서대문구,84.64
2017,2.서울특별시,서대문구,84.95
2018,2.서울특별시,서대문구,85.16
2019,2.서울특별시,서대문구,85.48
2009,2.서울특별시,서초구,83.9
2010,2.서울특별시,서초구,84.26
2011,2.서울특별시,서초구,84.64
2012,2.서울특별시,서초구,84.96
2013,2.서울특별시,서초구,85.24
2014,2.서울특별시,서초구,85.53
2015,2.서울특별시,서초구,85.78
2016,2.서울특별시,서초구,85.91
2017,2.서울특별시,서초구,86.34
2018,2.서울특별시,서초구,86.8
2019,2.서울특별시,서초구,87.13
2009,2.서울특별시,성동구,81.66
2010,2.서울특별시,성동구,81.99
2011,2.서울특별시,성동구,82.4
2012,2.서울특별시,성동구,82.66
2013,2.서울특별시,성동구,83.06
2014,2.서울특별시,성동구,83.5
2015,2.서울특별시,성동구,83.83
2016,2.서울특별시,성동구,84.37
2017,2.서울특별시,성동구,84.57
2018,2.서울특별시,성동구,85.01
2019,2.서울특별시,성동구,85.38
2009,2.서울특별시,성북구,81.39
2010,2.서울특별시,성북구,81.83
2011,2.서울특별시,성북구,82.32
2012,2.서울특별시,성북구,82.88
2013,2.서울특별시,성북구,83.18
2014,2.서울특별시,성북구,83.46
2015,2.서울특별시,성북구,83.86
2016,2.서울특별시,성북구,84.14
2017,2.서울특별시,성북구,84.4
2018,2.서울특별시,성북구,84.54
2019,2.서울특별시,성북구,84.91
2009,2.서울특별시,송파구,82.65
2010,2.서울특별시,송파구,83.02
2011,2.서울특별시,송파구,83.39
2012,2.서울특별시,송파구,83.77
2013,2.서울특별시,송파구,84.1
2014,2.서울특별시,송파구,84.42
2015,2.서울특별시,송파구,84.73
2016,2.서울특별시,송파구,85.24
2017,2.서울특별시,송파구,85.56
2018,2.서울특별시,송파구,85.74
2019,2.서울특별시,송파구,86.03
2009,2.서울특별시,양천구,81.96
2010,2.서울특별시,양천구,82.37
2011,2.서울특별시,양천구,82.72
2012,2.서울특별시,양천구,83.08
2013,2.서울특별시,양천구,83.47
2014,2.서울특별시,양천구,83.76
2015,2.서울특별시,양천구,84.05
2016,2.서울특별시,양천구,84.23
2017,2.서울특별시,양천구,84.44
2018,2.서울특별시,양천구,84.63
2019,2.서울특별시,양천구,84.8
2009,2.서울특별시,영등포구,81.79
2010,2.서울특별시,영등포구,82.1
2011,2.서울특별시,영등포구,82.5
2012,2.서울특별시,영등포구,82.96
2013,2.서울특별시,영등포구,83.41
2014,2.서울특별시,영등포구,83.76
2015,2.서울특별시,영등포구,84.04
2016,2.서울특별시,영등포구,84.5
2017,2.서울특별시,영등포구,84.83
2018,2.서울특별시,영등포구,85.14
2019,2.서울특별시,영등포구,85.44
2009,2.서울특별시,용산구,81.92
2010,2.서울특별시,용산구,82.31
2011,2.서울특별시,용산구,82.65
2012,2.서울특별시,용산구,82.98
2013,2.서울특별시,용산구,83.68
2014,2.서울특별시,용산구,84.13
2015,2.서울특별시,용산구,84.42
2016,2.서울특별시,용산구,84.74
2017,2.서울특별시,용산구,85.18
2018,2.서울특별시,용산구,85.53
2019,2.서울특별시,용산구,85.68
2009,2.서울특별시,은평구,81.53
2010,2.서울특별시,은평구,81.97
2011,2.서울특별시,은평구,82.36
2012,2.서울특별시,은평구,82.57
2013,2.서울특별시,은평구,82.77
2014,2.서울특별시,은평구,83.18
2015,2.서울특별시,은평구,83.43
2016,2.서울특별시,은평구,83.71
2017,2.서울특별시,은평구,83.99
2018,2.서울특별시,은평구,84.4
2019,2.서울특별시,은평구,84.82
2009,2.서울특별시,종로구,81.93
2010,2.서울특별시,종로구,82.25
2011,2.서울특별시,종로구,82.76
2012,2.서울특별시,종로구,82.93
2013,2.서울특별시,종로구,83.35
2014,2.서울특별시,종로구,83.66
2015,2.서울특별시,종로구,83.95
2016,2.서울특별시,종로구,84.26
2017,2.서울특별시,종로구,84.75
2018,2.서울특별시,종로구,84.9
2019,2.서울특별시,종로구,85.31
2009,2.서울특별시,중구,81.6
2010,2.서울특별시,중구,82.09
2011,2.서울특별시,중구,82.18
2012,2.서울특별시,중구,82.63
2013,2.서울특별시,중구,83.01
2014,2.서울특별시,중구,83.41
2015,2.서울특별시,중구,83.83
2016,2.서울특별시,중구,84.16
2017,2.서울특별시,중구,84.48
2018,2.서울특별시,중구,84.89
2019,2.서울특별시,중구,85.36
2009,2.서울특별시,중랑구,80.55
2010,2.서울특별시,중랑구,81.02
2011,2.서울특별시,중랑구,81.56
2012,2.서울특별시,중랑구,81.79
2013,2.서울특별시,중랑구,81.97
2014,2.서울특별시,중랑구,82.25
2015,2.서울특별시,중랑구,82.46
2016,2.서울특별시,중랑구,82.9
2017,2.서울특별시,중랑구,83.18
2018,2.서울특별시,중랑구,83.54
2019,2.서울특별시,중랑구,84.08
2007,3.인천광역시,,79.67
2008,3.인천광역시,,80.19
2009,3.인천광역시,,80.63
2010,3.인천광역시,,80.96
2011,3.인천광역시,,81.32
2012,3.인천광역시,,81.55
2013,3.인천광역시,,81.88
2014,3.인천광역시,,82.22
2015,3.인천광역시,,82.66
2016,3.인천광역시,,83.0
2017,3.인천광역시,,83.31
2018,3.인천광역시,,83.5
2019,3.인천광역시,,83.68
2009,3.인천광역시,강화군,79.81
2010,3.인천광역시,강화군,80.11
2011,3.인천광역시,강화군,80.5
2012,3.인천광역시,강화군,81.02
2013,3.인천광역시,강화군,81.35
2014,3.인천광역시,강화군,81.65
2015,3.인천광역시,강화군,82.51
2016,3.인천광역시,강화군,82.61
2017,3.인천광역시,강화군,83.09
2018,3.인천광역시,강화군,83.37
2019,3.인천광역시,강화군,83.82
2009,3.인천광역시,계양구,79.9
2010,3.인천광역시,계양구,80.28
2011,3.인천광역시,계양구,80.66
2012,3.인천광역시,계양구,81.11
2013,3.인천광역시,계양구,81.59
2014,3.인천광역시,계양구,81.76
2015,3.인천광역시,계양구,82.03
2016,3.인천광역시,계양구,82.42
2017,3.인천광역시,계양구,82.81
2018,3.인천광역시,계양구,82.98
2019,3.인천광역시,계양구,83.16
2009,3.인천광역시,남구,80.25
2010,3.인천광역시,남구,80.75
2011,3.인천광역시,남구,81.04
2012,3.인천광역시,남구,81.34
2013,3.인천광역시,남구,81.64
2014,3.인천광역시,남구,81.73
2015,3.인천광역시,남구,81.92
2016,3.인천광역시,남구,82.17
2017,3.인천광역시,남구,82.49
2018,3.인천광역시,남구,82.65
2019,3.인천광역시,남구,82.76
2009,3.인천광역시,남동구,80.12
2010,3.인천광역시,남동구,80.69
2011,3.인천광역시,남동구,81.19
2012,3.인천광역시,남동구,81.31
2013,3.인천광역시,남동구,81.66
2014,3.인천광역시,남동구,81.92
2015,3.인천광역시,남동구,82.34
2016,3.인천광역시,남동구,82.64
2017,3.인천광역시,남동구,82.84
2018,3.인천광역시,남동구,83.08
2019,3.인천광역시,남동구,83.31
2009,3.인천광역시,동구,79.34
2010,3.인천광역시,동구,79.28
2011,3.인천광역시,동구,79.88
2012,3.인천광역시,동구,80.18
2013,3.인천광역시,동구,80.78
2014,3.인천광역시,동구,81.23
2015,3.인천광역시,동구,81.8
2016,3.인천광역시,동구,82.49
2017,3.인천광역시,동구,82.75
2018,3.인천광역시,동구,83.01
2019,3.인천광역시,동구,83.27
2019,3.인천광역시,미추홀구,83.32
2009,3.인천광역시,부평구,80.39
2010,3.인천광역시,부평구,80.74
2011,3.인천광역시,부평구,81.0
2012,3.인천광역시,부평구,81.29
2013,3.인천광역시,부평구,81.59
2014,3.인천광역시,부평구,81.92
2015,3.인천광역시,부평구,82.38
2016,3.인천광역시,부평구,82.71
2017,3.인천광역시,부평구,83.1
2018,3.인천광역시,부평구,83.4
2019,3.인천광역시,부평구,83.62
2009,3.인천광역시,서구,79.48
2010,3.인천광역시,서구,80.16
2011,3.인천광역시,서구,80.62
2012,3.인천광역시,서구,80.9
2013,3.인천광역시,서구,81.28
2014,3.인천광역시,서구,81.55
2015,3.인천광역시,서구,81.93
2016,3.인천광역시,서구,82.21
2017,3.인천광역시,서구,82.61
2018,3.인천광역시,서구,82.95
2019,3.인천광역시,서구,83.33
2009,3.인천광역시,연수구,80.53
2010,3.인천광역시,연수구,80.77
2011,3.인천광역시,연수구,81.16
2012,3.인천광역시,연수구,81.52
2013,3.인천광역시,연수구,81.9
2014,3.인천광역시,연수구,82.48
2015,3.인천광역시,연수구,82.83
2016,3.인천광역시,연수구,83.34
2017,3.인천광역시,연수구,83.62
2018,3.인천광역시,연수구,83.99
2019,3.인천광역시,연수구,84.35
2009,3.인천광역시,옹진군,79.73
2010,3.인천광역시,옹진군,80.19
2011,3.인천광역시,옹진군,80.92
2012,3.인천광역시,옹진군,81.4
2013,3.인천광역시,옹진군,81.54
2014,3.인천광역시,옹진군,81.77
2015,3.인천광역시,옹진군,82.23
2016,3.인천광역시,옹진군,82.44
2017,3.인천광역시,옹진군,82.9
2018,3.인천광역시,옹진군,83.18
2019,3.인천광역시,옹진군,84.44
2009,3.인천광역시,중구,80.22
2010,3.인천광역시,중구,80.34
2011,3.인천광역시,중구,80.43
2012,3.인천광역시,중구,80.83
2013,3.인천광역시,중구,81.36
2014,3.인천광역시,중구,81.85
2015,3.인천광역시,중구,82.19
2016,3.인천광역시,중구,82.6
2017,3.인천광역시,중구,83.27
2018,3.인천광역시,중구,83.31
2019,3.인천광역시,중구,83.37
2007,4.경기도,,80.14
2008,4.경기도,,80.64
2009,4.경기도,,81.13
2010,4.경기도,,81.51
2011,4.경기도,,81.85
2012,4.경기도,,82.09
2013,4.경기도,,82.37
2014,4.경기도,,82.77
2015,4.경기도,,83.15
2016,4.경기도,,83.55
2017,4.경기도,,83.9
2018,4.경기도,,84.13
2019,4.경기도,,84.41
2009,4.경기도,가평군,77.72
2010,4.경기도,가평군,78.09
2011,4.경기도,가평군,78.44
2012,4.경기도,가평군,78.82
2013,4.경기도,가평군,79.19
2014,4.경기도,가평군,79.86
2015,4.경기도,가평군,80.46
2016,4.경기도,가평군,81.04
2017,4.경기도,가평군,81.24
2018,4.경기도,가평군,81.59
2019,4.경기도,가평군,82.06
2009,4.경기도,고양시덕양구,80.85
2010,4.경기도,고양시덕양구,81.18
2011,4.경기도,고양시덕양구,81.49
2012,4.경기도,고양시덕양구,81.74
2013,4.경기도,고양시덕양구,82.09
2014,4.경기도,고양시덕양구,82.48
2015,4.경기도,고양시덕양구,82.85
2016,4.경기도,고양시덕양구,83.41
2017,4.경기도,고양시덕양구,83.76
2018,4.경기도,고양시덕양구,84.15
2019,4.경기도,고양시덕양구,84.53
2009,4.경기도,고양시일산구,81.4
2010,4.경기도,고양시일산구,81.52
2009,4.경기도,고양시일산동구,82.84
2010,4.경기도,고양시일산동구,82.91
2011,4.경기도,고양시일산동구,83.0
2012,4.경기도,고양시일산동구,83.24
2013,4.경기도,고양시일산동구,83.46
2014,4.경기도,고양시일산동구,83.73
2015,4.경기도,고양시일산동구,83.95
2016,4.경기도,고양시일산동구,84.26
2017,4.경기도,고양시일산동구,84.65
2018,4.경기도,고양시일산동구,85.0
2019,4.경기도,고양시일산동구,85.49
2009,4.경기도,고양시일산서구,82.69
2010,4.경기도,고양시일산서구,82.69
2011,4.경기도,고양시일산서구,82.83
2012,4.경기도,고양시일산서구,83.32
2013,4.경기도,고양시일산서구,83.66
2014,4.경기도,고양시일산서구,84.01
2015,4.경기도,고양시일산서구,84.21
2016,4.경기도,고양시일산서구,84.64
2017,4.경기도,고양시일산서구,85.05
2018,4.경기도,고양시일산서구,85.35
2019,4.경기도,고양시일산서구,85.53
2009,4.경기도,과천시,83.8
2010,4.경기도,과천시,84.86
2011,4.경기도,과천시,85.96
2012,4.경기도,과천시,85.9
2013,4.경기도,과천시,86.69
2014,4.경기도,과천시,86.69
2015,4.경기도,과천시,87.01
2016,4.경기도,과천시,86.68
2017,4.경기도,과천시,86.24
2018,4.경기도,과천시,86.38
2019,4.경기도,과천시,86.06
2009,4.경기도,광명시,80.79
2010,4.경기도,광명시,81.08
2011,4.경기도,광명시,81.45
2012,4.경기도,광명시,81.78
2013,4.경기도,광명시,82.17
2014,4.경기도,광명시,82.63
2015,4.경기도,광명시,82.99
2016,4.경기도,광명시,83.45
2017,4.경기도,광명시,83.79
2018,4.경기도,광명시,84.22
2019,4.경기도,광명시,84.57
2009,4.경기도,광주시,80.23
2010,4.경기도,광주시,80.45
2011,4.경기도,광주시,80.69
2012,4.경기도,광주시,81.04
2013,4.경기도,광주시,81.28
2014,4.경기도,광주시,81.63
2015,4.경기도,광주시,81.95
2016,4.경기도,광주시,82.6
2017,4.경기도,광주시,83.08
2018,4.경기도,광주시,83.52
2019,4.경기도,광주시,84.0
2009,4.경기도,구리시,80.83
2010,4.경기도,구리시,81.28
2011,4.경기도,구리시,81.56
2012,4.경기도,구리시,81.71
2013,4.경기도,구리시,82.19
2014,4.경기도,구리시,82.46
2015,4.경기도,구리시,82.63
2016,4.경기도,구리시,82.89
2017,4.경기도,구리시,83.63
2018,4.경기도,구리시,84.02
2019,4.경기도,구리시,84.4
2009,4.경기도,군포시,81.69
2010,4.경기도,군포시,82.1
2011,4.경기도,군포시,82.54
2012,4.경기도,군포시,82.89
2013,4.경기도,군포시,83.39
2014,4.경기도,군포시,83.77
2015,4.경기도,군포시,84.25
2016,4.경기도,군포시,84.66
2017,4.경기도,군포시,85.15
2018,4.경기도,군포시,85.36
2019,4.경기도,군포시,85.57
2009,4.경기도,김포시,80.96
2010,4.경기도,김포시,81.31
2011,4.경기도,김포시,81.91
2012,4.경기도,김포시,82.37
2013,4.경기도,김포시,82.74
2014,4.경기도,김포시,83.09
2015,4.경기도,김포시,83.26
2016,4.경기도,김포시,83.82
2017,4.경기도,김포시,84.23
2018,4.경기도,김포시,84.45
2019,4.경기도,김포시,84.77
2009,4.경기도,남양주시,80.43
2010,4.경기도,남양주시,80.69
2011,4.경기도,남양주시,81.13
2012,4.경기도,남양주시,81.35
2013,4.경기도,남양주시,81.58
2014,4.경기도,남양주시,81.99
2015,4.경기도,남양주시,82.35
2016,4.경기도,남양주시,82.93
2017,4.경기도,남양주시,83.31
2018,4.경기도,남양주시,83.69
2019,4.경기도,남양주시,83.97
2009,4.경기도,동두천시,77.62
2010,4.경기도,동두천시,78.41
2011,4.경기도,동두천시,78.92
2012,4.경기도,동두천시,79.33
2013,4.경기도,동두천시,79.83
2014,4.경기도,동두천시,80.1
2015,4.경기도,동두천시,80.87
2016,4.경기도,동두천시,81.1
2017,4.경기도,동두천시,81.27
2018,4.경기도,동두천시,81.41
2019,4.경기도,동두천시,81.54
2017,4.경기도,부천시,84.15
2018,4.경기도,부천시,84.22
2019,4.경기도,부천시,84.48
2009,4.경기도,부천시소사구,80.84
2010,4.경기도,부천시소사구,81.33
2011,4.경기도,부천시소사구,81.65
2012,4.경기도,부천시소사구,81.98
2013,4.경기도,부천시소사구,82.41
2014,4.경기도,부천시소사구,82.71
2016,4.경기도,부천시소사구,83.49
2017,4.경기도,부천시소사구,83.74
2018,4.경기도,부천시소사구,83.99
2019,4.경기도,부천시소사구,84.06
2009,4.경기도,부천시오정구,79.79
2010,4.경기도,부천시오정구,80.17
2011,4.경기도,부천시오정구,80.45
2012,4.경기도,부천시오정구,80.87
2013,4.경기도,부천시오정구,81.13
2014,4.경기도,부천시오정구,81.34
2015,4.경기도,부천시오정구,81.83
2016,4.경기도,부천시오정구,82.19
2017,4.경기도,부천시오정구,82.4
2018,4.경기도,부천시오정구,82.47
2019,4.경기도,부천시오정구,82.85
2009,4.경기도,부천시원미구,80.82
2010,4.경기도,부천시원미구,81.21
2011,4.경기도,부천시원미구,81.69
2012,4.경기도,부천시원미구,82.09
2013,4.경기도,부천시원미구,82.39
2014,4.경기도,부천시원미구,82.71
2016,4.경기도,부천시원미구,83.3
2017,4.경기도,부천시원미구,83.36
2018,4.경기도,부천시원미구,83.38
2019,4.경기도,부천시원미구,83.61
2009,4.경기도,성남시분당구,83.97
2010,4.경기도,성남시분당구,84.31
2011,4.경기도,성남시분당구,84.41
2012,4.경기도,성남시분당구,84.92
2013,4.경기도,성남시분당구,85.31
2014,4.경기도,성남시분당구,85.6
2015,4.경기도,성남시분당구,85.89
2016,4.경기도,성남시분당구,86.05
2017,4.경기도,성남시분당구,86.45
2018,4.경기도,성남시분당구,86.61
2019,4.경기도,성남시분당구,86.87
2009,4.경기도,성남시수정구,80.11
2010,4.경기도,성남시수정구,80.57
2011,4.경기도,성남시수정구,81.0
2012,4.경기도,성남시수정구,81.38
2013,4.경기도,성남시수정구,81.62
2014,4.경기도,성남시수정구,81.71
2015,4.경기도,성남시수정구,81.99
2016,4.경기도,성남시수정구,82.17
2017,4.경기도,성남시수정구,82.34
2018,4.경기도,성남시수정구,82.76
2019,4.경기도,성남시수정구,83.22
2009,4.경기도,성남시중원구,80.08
2010,4.경기도,성남시중원구,80.36
2011,4.경기도,성남시중원구,80.94
2012,4.경기도,성남시중원구,81.12
2013,4.경기도,성남시중원구,81.24
2014,4.경기도,성남시중원구,81.39
2015,4.경기도,성남시중원구,81.51
2016,4.경기도,성남시중원구,81.83
2017,4.경기도,성남시중원구,82.02
2018,4.경기도,성남시중원구,82.31
2019,4.경기도,성남시중원구,82.77
2009,4.경기도,수원시권선구,80.35
2010,4.경기도,수원시권선구,80.62
2011,4.경기도,수원시권선구,81.0
2012,4.경기도,수원시권선구,80.96
2013,4.경기도,수원시권선구,81.37
2014,4.경기도,수원시권선구,81.72
2015,4.경기도,수원시권선구,82.23
2016,4.경기도,수원시권선구,82.62
2017,4.경기도,수원시권선구,83.06
2018,4.경기도,수원시권선구,83.61
2019,4.경기도,수원시권선구,83.86
2009,4.경기도,수원시영통구,81.51
2010,4.경기도,수원시영통구,82.14
2011,4.경기도,수원시영통구,82.52
2012,4.경기도,수원시영통구,83.07
2013,4.경기도,수원시영통구,83.12
2014,4.경기도,수원시영통구,83.3
2015,4.경기도,수원시영통구,83.79
2016,4.경기도,수원시영통구,84.12
2017,4.경기도,수원시영통구,84.48
2018,4.경기도,수원시영통구,84.77
2019,4.경기도,수원시영통구,85.14
2009,4.경기도,수원시장안구,81.18
2010,4.경기도,수원시장안구,81.54
2011,4.경기도,수원시장안구,81.93
2012,4.경기도,수원시장안구,82.0
2013,4.경기도,수원시장안구,82.13
2014,4.경기도,수원시장안구,82.43
2015,4.경기도,수원시장안구,82.73
2016,4.경기도,수원시장안구,83.19
2017,4.경기도,수원시장안구,83.51
2018,4.경기도,수원시장안구,83.92
2019,4.경기도,수원시장안구,84.14
2009,4.경기도,수원시팔달구,80.35
2010,4.경기도,수원시팔달구,80.79
2011,4.경기도,수원시팔달구,81.0
2012,4.경기도,수원시팔달구,81.28
2013,4.경기도,수원시팔달구,81.36
2014,4.경기도,수원시팔달구,81.63
2015,4.경기도,수원시팔달구,81.82
2016,4.경기도,수원시팔달구,82.19
2017,4.경기도,수원시팔달구,82.53
2018,4.경기도,수원시팔달구,82.75
2019,4.경기도,수원시팔달구,83.03
2009,4.경기도,시흥시,80.09
2010,4.경기도,시흥시,80.27
2011,4.경기도,시흥시,80.49
2012,4.경기도,시흥시,80.73
2013,4.경기도,시흥시,80.84
2014,4.경기도,시흥시,81.24
2015,4.경기도,시흥시,81.71
2016,4.경기도,시흥시,82.17
2017,4.경기도,시흥시,82.46
2018,4.경기도,시흥시,82.78
2019,4.경기도,시흥시,83.35
2009,4.경기도,안산시단원구,80.02
2010,4.경기도,안산시단원구,80.26
2011,4.경기도,안산시단원구,80.7
2012,4.경기도,안산시단원구,80.96
2013,4.경기도,안산시단원구,81.22
2014,4.경기도,안산시단원구,81.27
2015,4.경기도,안산시단원구,81.66
2016,4.경기도,안산시단원구,82.17
2017,4.경기도,안산시단원구,82.35
2018,4.경기도,안산시단원구,82.61
2019,4.경기도,안산시단원구,82.9
2009,4.경기도,안산시상록구,80.38
2010,4.경기도,안산시상록구,80.82
2011,4.경기도,안산시상록구,81.21
2012,4.경기도,안산시상록구,81.58
2013,4.경기도,안산시상록구,81.73
2014,4.경기도,안산시상록구,82.01
2015,4.경기도,안산시상록구,82.52
2016,4.경기도,안산시상록구,82.77
2017,4.경기도,안산시상록구,82.97
2018,4.경기도,안산시상록구,83.16
2019,4.경기도,안산시상록구,83.39
2009,4.경기도,안성시,79.1
2010,4.경기도,안성시,79.42
2011,4.경기도,안성시,80.07
2012,4.경기도,안성시,80.49
2013,4.경기도,안성시,80.95
2014,4.경기도,안성시,81.34
2015,4.경기도,안성시,81.84
2016,4.경기도,안성시,82.2
2017,4.경기도,안성시,82.36
2018,4.경기도,안성시,82.76
2019,4.경기도,안성시,83.09
2009,4.경기도,안양시동안구,82.25
2010,4.경기도,안양시동안구,82.7
2011,4.경기도,안양시동안구,83.14
2012,4.경기도,안양시동안구,83.63
2013,4.경기도,안양시동안구,84.05
2014,4.경기도,안양시동안구,84.38
2015,4.경기도,안양시동안구,84.78
2016,4.경기도,안양시동안구,84.89
2017,4.경기도,안양시동안구,85.02
2018,4.경기도,안양시동안구,85.18
2019,4.경기도,안양시동안구,85.26
2009,4.경기도,안양시만안구,81.02
2010,4.경기도,안양시만안구,81.57
2011,4.경기도,안양시만안구,81.98
2012,4.경기도,안양시만안구,82.11
2013,4.경기도,안양시만안구,82.33
2014,4.경기도,안양시만안구,82.55
2015,4.경기도,안양시만안구,82.85
2016,4.경기도,안양시만안구,83.06
2017,4.경기도,안양시만안구,83.33
2018,4.경기도,안양시만안구,83.9
2019,4.경기도,안양시만안구,84.46
2009,4.경기도,양주시,78.75
2010,4.경기도,양주시,79.27
2011,4.경기도,양주시,79.8
2012,4.경기도,양주시,80.28
2013,4.경기도,양주시,80.61
2014,4.경기도,양주시,81.04
2015,4.경기도,양주시,81.41
2016,4.경기도,양주시,81.79
2017,4.경기도,양주시,82.29
2018,4.경기도,양주시,82.67
2019,4.경기도,양주시,83.02
2009,4.경기도,양평군,78.99
2010,4.경기도,양평군,79.44
2011,4.경기도,양평군,80.07
2012,4.경기도,양평군,80.74
2013,4.경기도,양평군,81.27
2014,4.경기도,양평군,81.67
2015,4.경기도,양평군,82.08
2016,4.경기도,양평군,82.48
2017,4.경기도,양평군,82.66
2018,4.경기도,양평군,82.85
2019,4.경기도,양평군,83.01
2009,4.경기도,여주군,78.76
2010,4.경기도,여주군,79.23
2011,4.경기도,여주군,79.68
2012,4.경기도,여주군,80.28
2013,4.경기도,여주군,80.41
2014,4.경기도,여주군,80.6
2016,4.경기도,여주군,80.97
2017,4.경기도,여주군,80.98
2018,4.경기도,여주군,80.35
2014,4.경기도,여주시,81.95
2015,4.경기도,여주시,82.05
2016,4.경기도,여주시,82.25
2017,4.경기도,여주시,82.41
2018,4.경기도,여주시,82.31
2019,4.경기도,여주시,82.37
2009,4.경기도,연천군,78.3
2010,4.경기도,연천군,78.46
2011,4.경기도,연천군,79.02
2012,4.경기도,연천군,79.67
2013,4.경기도,연천군,79.82
2014,4.경기도,연천군,79.95
2015,4.경기도,연천군,80.13
2016,4.경기도,연천군,80.43
2017,4.경기도,연천군,80.92
2018,4.경기도,연천군,81.46
2019,4.경기도,연천군,81.74
2009,4.경기도,오산시,80.12
2010,4.경기도,오산시,80.35
2011,4.경기도,오산시,80.91
2012,4.경기도,오산시,81.29
2013,4.경기도,오산시,81.57
2014,4.경기도,오산시,81.91
2015,4.경기도,오산시,82.03
2016,4.경기도,오산시,82.39
2017,4.경기도,오산시,82.75
2018,4.경기도,오산시,82.94
2019,4.경기도,오산시,83.25
2009,4.경기도,용인시,80.67
2010,4.경기도,용인시,81.09
2009,4.경기도,용인시기흥구,83.73
2010,4.경기도,용인시기흥구,83.69
2011,4.경기도,용인시기흥구,83.6
2012,4.경기도,용인시기흥구,84.0
2013,4.경기도,용인시기흥구,84.25
2014,4.경기도,용인시기흥구,84.33
2015,4.경기도,용인시기흥구,84.51
2016,4.경기도,용인시기흥구,85.02
2017,4.경기도,용인시기흥구,85.59
2018,4.경기도,용인시기흥구,85.76
2019,4.경기도,용인시기흥구,86.11
2009,4.경기도,용인시수지구,83.74
2010,4.경기도,용인시수지구,83.98
2011,4.경기도,용인시수지구,84.36
2012,4.경기도,용인시수지구,84.97
2013,4.경기도,용인시수지구,85.38
2014,4.경기도,용인시수지구,85.86
2015,4.경기도,용인시수지구,86.0
2016,4.경기도,용인시수지구,86.25
2017,4.경기도,용인시수지구,86.51
2018,4.경기도,용인시수지구,86.76
2019,4.경기도,용인시수지구,87.15
2009,4.경기도,용인시처인구,80.28
2010,4.경기도,용인시처인구,80.41
2011,4.경기도,용인시처인구,80.67
2012,4.경기도,용인시처인구,80.75
2013,4.경기도,용인시처인구,81.25
2014,4.경기도,용인시처인구,81.53
2015,4.경기도,용인시처인구,81.85
2016,4.경기도,용인시처인구,82.29
2017,4.경기도,용인시처인구,82.56
2018,4.경기도,용인시처인구,82.98
2019,4.경기도,용인시처인구,83.26
2009,4.경기도,의왕시,81.24
2010,4.경기도,의왕시,81.93
2011,4.경기도,의왕시,82.21
2012,4.경기도,의왕시,82.85
2013,4.경기도,의왕시,83.48
2014,4.경기도,의왕시,83.74
2015,4.경기도,의왕시,83.98
2016,4.경기도,의왕시,84.26
2017,4.경기도,의왕시,84.56
2018,4.경기도,의왕시,84.93
2019,4.경기도,의왕시,85.05
2009,4.경기도,의정부시,80.13
2010,4.경기도,의정부시,80.53
2011,4.경기도,의정부시,80.94
2012,4.경기도,의정부시,81.43
2013,4.경기도,의정부시,81.68
2014,4.경기도,의정부시,82.03
2015,4.경기도,의정부시,82.34
2016,4.경기도,의정부시,82.73
2017,4.경기도,의정부시,82.99
2018,4.경기도,의정부시,83.18
2019,4.경기도,의정부시,83.48
2009,4.경기도,이천시,79.28
2010,4.경기도,이천시,79.8
2011,4.경기도,이천시,80.21
2012,4.경기도,이천시,80.75
2013,4.경기도,이천시,81.11
2014,4.경기도,이천시,81.67
2015,4.경기도,이천시,82.02
2016,4.경기도,이천시,82.47
2017,4.경기도,이천시,82.81
2018,4.경기도,이천시,83.03
2019,4.경기도,이천시,83.42
2009,4.경기도,파주시,79.95
2010,4.경기도,파주시,80.39
2011,4.경기도,파주시,80.8
2012,4.경기도,파주시,81.13
2013,4.경기도,파주시,81.59
2014,4.경기도,파주시,81.88
2015,4.경기도,파주시,82.13
2016,4.경기도,파주시,82.42
2017,4.경기도,파주시,82.9
2018,4.경기도,파주시,83.19
2019,4.경기도,파주시,83.53
2009,4.경기도,평택시,79.55
2010,4.경기도,평택시,79.88
2011,4.경기도,평택시,80.4
2012,4.경기도,평택시,80.85
2013,4.경기도,평택시,81.27
2014,4.경기도,평택시,81.6
2015,4.경기도,평택시,82.01
2016,4.경기도,평택시,82.28
2017,4.경기도,평택시,82.7
2018,4.경기도,평택시,82.97
2019,4.경기도,평택시,83.23
2009,4.경기도,포천시,78.12
2010,4.경기도,포천시,78.56
2011,4.경기도,포천시,78.79
2012,4.경기도,포천시,78.93
2013,4.경기도,포천시,79.34
2014,4.경기도,포천시,80.02
2015,4.경기도,포천시,80.53
2016,4.경기도,포천시,80.91
2017,4.경기도,포천시,81.17
2018,4.경기도,포천시,81.58
2019,4.경기도,포천시,81.96
2009,4.경기도,하남시,80.94
2010,4.경기도,하남시,81.31
2011,4.경기도,하남시,81.3
2012,4.경기도,하남시,81.57
2013,4.경기도,하남시,81.86
2014,4.경기도,하남시,82.14
2015,4.경기도,하남시,82.44
2016,4.경기도,하남시,83.01
2017,4.경기도,하남시,83.6
2018,4.경기도,하남시,84.19
2019,4.경기도,하남시,84.68
2009,4.경기도,화성시,80.1
2010,4.경기도,화성시,80.67
2011,4.경기도,화성시,81.19
2012,4.경기도,화성시,81.57
2013,4.경기도,화성시,82.12
2014,4.경기도,화성시,82.43
2015,4.경기도,화성시,82.76
2016,4.경기도,화성시,83.14
2017,4.경기도,화성시,83.6
2018,4.경기도,화성시,83.96
2019,4.경기도,화성시,84.27
