﻿Year,시도,시군구,Value
2001,0.전국,,1.309
2002,0.전국,,1.178
2003,0.전국,,1.191
2004,0.전국,,1.164
2005,0.전국,,1.085
2006,0.전국,,1.132
2007,0.전국,,1.259
2008,0.전국,,1.192
2009,0.전국,,1.149
2010,0.전국,,1.226
2011,0.전국,,1.244
2012,0.전국,,1.297
2013,0.전국,,1.187
2014,0.전국,,1.205
2015,0.전국,,1.239
2016,0.전국,,1.172
2017,0.전국,,1.052
2018,0.전국,,0.977
2019,0.전국,,0.918
2020,0.전국,,0.837
2001,1.수도권,,1.255
2002,1.수도권,,1.139
2003,1.수도권,,1.156
2004,1.수도권,,1.136
2005,1.수도권,,1.05
2006,1.수도권,,1.101
2007,1.수도권,,1.211
2008,1.수도권,,1.144
2009,1.수도권,,1.093
2010,1.수도권,,1.162
2011,1.수도권,,1.168
2012,1.수도권,,1.214
2013,1.수도권,,1.106
2014,1.수도권,,1.122
2015,1.수도권,,1.146
2016,1.수도권,,1.077
2017,1.수도권,,0.961
2018,1.수도권,,0.899
2019,1.수도권,,0.846
2020,1.수도권,,0.773
2001,2.서울특별시,,1.111
2002,2.서울특별시,,1.006
2003,2.서울특별시,,1.014
2004,2.서울특별시,,1.015
2005,2.서울특별시,,0.932
2006,2.서울특별시,,0.98
2007,2.서울특별시,,1.068
2008,2.서울특별시,,1.01
2009,2.서울특별시,,0.962
2010,2.서울특별시,,1.015
2011,2.서울특별시,,1.014
2012,2.서울특별시,,1.059
2013,2.서울특별시,,0.968
2014,2.서울특별시,,0.983
2015,2.서울특별시,,1.001
2016,2.서울특별시,,0.94
2017,2.서울특별시,,0.836
2018,2.서울특별시,,0.761
2019,2.서울특별시,,0.717
2020,2.서울특별시,,0.642
2001,2.서울특별시,강남구,0.926
2002,2.서울특별시,강남구,0.81
2003,2.서울특별시,강남구,0.827
2004,2.서울특별시,강남구,0.792
2005,2.서울특별시,강남구,0.73
2006,2.서울특별시,강남구,0.797
2007,2.서울특별시,강남구,0.877
2008,2.서울특별시,강남구,0.823
2009,2.서울특별시,강남구,0.785
2010,2.서울특별시,강남구,0.862
2011,2.서울특별시,강남구,0.855
2012,2.서울특별시,강남구,0.886
2013,2.서울특별시,강남구,0.842
2014,2.서울특별시,강남구,0.863
2015,2.서울특별시,강남구,0.857
2016,2.서울특별시,강남구,0.802
2017,2.서울특별시,강남구,0.706
2018,2.서울특별시,강남구,0.631
2019,2.서울특별시,강남구,0.612
2020,2.서울특별시,강남구,0.537
2001,2.서울특별시,강동구,1.14
2002,2.서울특별시,강동구,1.06
2003,2.서울특별시,강동구,1.039
2004,2.서울특별시,강동구,1.038
2005,2.서울특별시,강동구,0.958
2006,2.서울특별시,강동구,0.993
2007,2.서울특별시,강동구,1.073
2008,2.서울특별시,강동구,1.008
2009,2.서울특별시,강동구,1.028
2010,2.서울특별시,강동구,1.096
2011,2.서울특별시,강동구,1.104
2012,2.서울특별시,강동구,1.101
2013,2.서울특별시,강동구,1.006
2014,2.서울특별시,강동구,1.039
2015,2.서울특별시,강동구,1.036
2016,2.서울특별시,강동구,0.938
2017,2.서울특별시,강동구,0.884
2018,2.서울특별시,강동구,0.82
2019,2.서울특별시,강동구,0.758
2020,2.서울특별시,강동구,0.748
2001,2.서울특별시,강북구,0.992
2002,2.서울특별시,강북구,0.922
2003,2.서울특별시,강북구,0.988
2004,2.서울특별시,강북구,0.921
2005,2.서울특별시,강북구,0.858
2006,2.서울특별시,강북구,0.886
2007,2.서울특별시,강북구,1.032
2008,2.서울특별시,강북구,0.971
2009,2.서울특별시,강북구,0.971
2010,2.서울특별시,강북구,0.996
2011,2.서울특별시,강북구,1.018
2012,2.서울특별시,강북구,1.051
2013,2.서울특별시,강북구,0.963
2014,2.서울특별시,강북구,0.955
2015,2.서울특별시,강북구,0.922
2016,2.서울특별시,강북구,0.878
2017,2.서울특별시,강북구,0.825
2018,2.서울특별시,강북구,0.647
2019,2.서울특별시,강북구,0.617
2020,2.서울특별시,강북구,0.55
2001,2.서울특별시,강서구,1.185
2002,2.서울특별시,강서구,1.075
2003,2.서울특별시,강서구,1.102
2004,2.서울특별시,강서구,1.095
2005,2.서울특별시,강서구,1.026
2006,2.서울특별시,강서구,1.064
2007,2.서울특별시,강서구,1.165
2008,2.서울특별시,강서구,1.123
2009,2.서울특별시,강서구,1.067
2010,2.서울특별시,강서구,1.085
2011,2.서울특별시,강서구,1.113
2012,2.서울특별시,강서구,1.151
2013,2.서울특별시,강서구,1.032
2014,2.서울특별시,강서구,1.064
2015,2.서울특별시,강서구,1.129
2016,2.서울특별시,강서구,1.059
2017,2.서울특별시,강서구,0.925
2018,2.서울특별시,강서구,0.826
2019,2.서울특별시,강서구,0.76
2020,2.서울특별시,강서구,0.675
2001,2.서울특별시,관악구,1.091
2002,2.서울특별시,관악구,0.979
2003,2.서울특별시,관악구,0.993
2004,2.서울특별시,관악구,0.976
2005,2.서울특별시,관악구,0.91
2006,2.서울특별시,관악구,0.922
2007,2.서울특별시,관악구,1.005
2008,2.서울특별시,관악구,0.942
2009,2.서울특별시,관악구,0.879
2010,2.서울특별시,관악구,0.881
2011,2.서울특별시,관악구,0.897
2012,2.서울특별시,관악구,0.891
2013,2.서울특별시,관악구,0.825
2014,2.서울특별시,관악구,0.834
2015,2.서울특별시,관악구,0.833
2016,2.서울특별시,관악구,0.777
2017,2.서울특별시,관악구,0.662
2018,2.서울특별시,관악구,0.597
2019,2.서울특별시,관악구,0.536
2020,2.서울특별시,관악구,0.474
2001,2.서울특별시,광진구,1.115
2002,2.서울특별시,광진구,1.012
2003,2.서울특별시,광진구,1.035
2004,2.서울특별시,광진구,0.982
2005,2.서울특별시,광진구,0.881
2006,2.서울특별시,광진구,0.945
2007,2.서울특별시,광진구,0.991
2008,2.서울특별시,광진구,0.939
2009,2.서울특별시,광진구,0.891
2010,2.서울특별시,광진구,0.935
2011,2.서울특별시,광진구,0.9
2012,2.서울특별시,광진구,0.957
2013,2.서울특별시,광진구,0.877
2014,2.서울특별시,광진구,0.895
2015,2.서울특별시,광진구,0.903
2016,2.서울특별시,광진구,0.867
2017,2.서울특별시,광진구,0.749
2018,2.서울특별시,광진구,0.713
2019,2.서울특별시,광진구,0.652
2020,2.서울특별시,광진구,0.527
2001,2.서울특별시,구로구,1.269
2002,2.서울특별시,구로구,1.142
2003,2.서울특별시,구로구,1.131
2004,2.서울특별시,구로구,1.147
2005,2.서울특별시,구로구,1.082
2006,2.서울특별시,구로구,1.156
2007,2.서울특별시,구로구,1.232
2008,2.서울특별시,구로구,1.202
2009,2.서울특별시,구로구,1.124
2010,2.서울특별시,구로구,1.197
2011,2.서울특별시,구로구,1.177
2012,2.서울특별시,구로구,1.258
2013,2.서울특별시,구로구,1.162
2014,2.서울특별시,구로구,1.142
2015,2.서울특별시,구로구,1.169
2016,2.서울특별시,구로구,1.07
2017,2.서울특별시,구로구,0.943
2018,2.서울특별시,구로구,0.838
2019,2.서울특별시,구로구,0.794
2020,2.서울특별시,구로구,0.737
2001,2.서울특별시,금천구,1.129
2002,2.서울특별시,금천구,0.997
2003,2.서울특별시,금천구,1.028
2004,2.서울특별시,금천구,1.063
2005,2.서울특별시,금천구,0.951
2006,2.서울특별시,금천구,1.052
2007,2.서울특별시,금천구,1.08
2008,2.서울특별시,금천구,1.01
2009,2.서울특별시,금천구,0.974
2010,2.서울특별시,금천구,1.011
2011,2.서울특별시,금천구,1.001
2012,2.서울특별시,금천구,1.104
2013,2.서울특별시,금천구,0.944
2014,2.서울특별시,금천구,1.019
2015,2.서울특별시,금천구,1.086
2016,2.서울특별시,금천구,0.944
2017,2.서울특별시,금천구,0.901
2018,2.서울특별시,금천구,0.796
2019,2.서울특별시,금천구,0.709
2020,2.서울특별시,금천구,0.668
2001,2.서울특별시,노원구,1.349
2002,2.서울특별시,노원구,1.177
2003,2.서울특별시,노원구,1.216
2004,2.서울특별시,노원구,1.197
2005,2.서울특별시,노원구,1.061
2006,2.서울특별시,노원구,1.114
2007,2.서울특별시,노원구,1.21
2008,2.서울특별시,노원구,1.134
2009,2.서울특별시,노원구,1.046
2010,2.서울특별시,노원구,1.1
2011,2.서울특별시,노원구,1.083
2012,2.서울특별시,노원구,1.162
2013,2.서울특별시,노원구,1.057
2014,2.서울특별시,노원구,1.109
2015,2.서울특별시,노원구,1.096
2016,2.서울특별시,노원구,1.068
2017,2.서울특별시,노원구,0.938
2018,2.서울특별시,노원구,0.809
2019,2.서울특별시,노원구,0.776
2020,2.서울특별시,노원구,0.695
2001,2.서울특별시,도봉구,1.178
2002,2.서울특별시,도봉구,1.061
2003,2.서울특별시,도봉구,1.057
2004,2.서울특별시,도봉구,1.086
2005,2.서울특별시,도봉구,0.964
2006,2.서울특별시,도봉구,0.986
2007,2.서울특별시,도봉구,1.079
2008,2.서울특별시,도봉구,1.015
2009,2.서울특별시,도봉구,1.032
2010,2.서울특별시,도봉구,1.104
2011,2.서울특별시,도봉구,1.079
2012,2.서울특별시,도봉구,1.137
2013,2.서울특별시,도봉구,0.956
2014,2.서울특별시,도봉구,1.0
2015,2.서울특별시,도봉구,1.01
2016,2.서울특별시,도봉구,0.947
2017,2.서울특별시,도봉구,0.833
2018,2.서울특별시,도봉구,0.774
2019,2.서울특별시,도봉구,0.697
2020,2.서울특별시,도봉구,0.601
2001,2.서울특별시,동대문구,1.048
2002,2.서울특별시,동대문구,0.982
2003,2.서울특별시,동대문구,0.923
2004,2.서울특별시,동대문구,0.956
2005,2.서울특별시,동대문구,0.879
2006,2.서울특별시,동대문구,0.939
2007,2.서울특별시,동대문구,1.009
2008,2.서울특별시,동대문구,0.993
2009,2.서울특별시,동대문구,0.917
2010,2.서울특별시,동대문구,0.941
2011,2.서울특별시,동대문구,0.975
2012,2.서울특별시,동대문구,0.998
2013,2.서울특별시,동대문구,0.909
2014,2.서울특별시,동대문구,0.914
2015,2.서울특별시,동대문구,0.96
2016,2.서울특별시,동대문구,0.889
2017,2.서울특별시,동대문구,0.822
2018,2.서울특별시,동대문구,0.753
2019,2.서울특별시,동대문구,0.765
2020,2.서울특별시,동대문구,0.699
2001,2.서울특별시,동작구,1.156
2002,2.서울특별시,동작구,0.996
2003,2.서울특별시,동작구,1.003
2004,2.서울특별시,동작구,1.057
2005,2.서울특별시,동작구,0.97
2006,2.서울특별시,동작구,1.005
2007,2.서울특별시,동작구,1.061
2008,2.서울특별시,동작구,1.008
2009,2.서울특별시,동작구,0.975
2010,2.서울특별시,동작구,0.989
2011,2.서울특별시,동작구,1.001
2012,2.서울특별시,동작구,1.017
2013,2.서울특별시,동작구,0.974
2014,2.서울특별시,동작구,1.007
2015,2.서울특별시,동작구,1.012
2016,2.서울특별시,동작구,0.912
2017,2.서울특별시,동작구,0.831
2018,2.서울특별시,동작구,0.737
2019,2.서울특별시,동작구,0.697
2020,2.서울특별시,동작구,0.655
2001,2.서울특별시,마포구,1.082
2002,2.서울특별시,마포구,0.986
2003,2.서울특별시,마포구,0.931
2004,2.서울특별시,마포구,1.022
2005,2.서울특별시,마포구,0.901
2006,2.서울특별시,마포구,0.967
2007,2.서울특별시,마포구,1.077
2008,2.서울특별시,마포구,0.997
2009,2.서울특별시,마포구,0.917
2010,2.서울특별시,마포구,0.955
2011,2.서울특별시,마포구,0.977
2012,2.서울특별시,마포구,0.991
2013,2.서울특별시,마포구,0.892
2014,2.서울특별시,마포구,0.915
2015,2.서울특별시,마포구,0.986
2016,2.서울특별시,마포구,0.945
2017,2.서울특별시,마포구,0.806
2018,2.서울특별시,마포구,0.733
2019,2.서울특별시,마포구,0.681
2020,2.서울특별시,마포구,0.594
2001,2.서울특별시,서대문구,1.092
2002,2.서울특별시,서대문구,1.009
2003,2.서울특별시,서대문구,0.999
2004,2.서울특별시,서대문구,0.99
2005,2.서울특별시,서대문구,0.902
2006,2.서울특별시,서대문구,0.92
2007,2.서울특별시,서대문구,1.012
2008,2.서울특별시,서대문구,0.958
2009,2.서울특별시,서대문구,0.896
2010,2.서울특별시,서대문구,0.971
2011,2.서울특별시,서대문구,0.894
2012,2.서울특별시,서대문구,0.967
2013,2.서울특별시,서대문구,0.938
2014,2.서울특별시,서대문구,0.954
2015,2.서울특별시,서대문구,0.913
2016,2.서울특별시,서대문구,0.934
2017,2.서울특별시,서대문구,0.823
2018,2.서울특별시,서대문구,0.727
2019,2.서울특별시,서대문구,0.685
2020,2.서울특별시,서대문구,0.685
2001,2.서울특별시,서초구,0.958
2002,2.서울특별시,서초구,0.901
2003,2.서울특별시,서초구,0.896
2004,2.서울특별시,서초구,0.917
2005,2.서울특별시,서초구,0.843
2006,2.서울특별시,서초구,0.904
2007,2.서울특별시,서초구,0.973
2008,2.서울특별시,서초구,0.972
2009,2.서울특별시,서초구,0.929
2010,2.서울특별시,서초구,1.068
2011,2.서울특별시,서초구,1.025
2012,2.서울특별시,서초구,1.095
2013,2.서울특별시,서초구,1.007
2014,2.서울특별시,서초구,1.014
2015,2.서울특별시,서초구,1.012
2016,2.서울특별시,서초구,0.928
2017,2.서울특별시,서초구,0.799
2018,2.서울특별시,서초구,0.8
2019,2.서울특별시,서초구,0.715
2020,2.서울특별시,서초구,0.656
2001,2.서울특별시,성동구,1.194
2002,2.서울특별시,성동구,1.097
2003,2.서울특별시,성동구,1.1
2004,2.서울특별시,성동구,1.066
2005,2.서울특별시,성동구,0.985
2006,2.서울특별시,성동구,1.035
2007,2.서울특별시,성동구,1.154
2008,2.서울특별시,성동구,1.091
2009,2.서울특별시,성동구,0.971
2010,2.서울특별시,성동구,1.029
2011,2.서울특별시,성동구,1.026
2012,2.서울특별시,성동구,1.077
2013,2.서울특별시,성동구,1.079
2014,2.서울특별시,성동구,1.027
2015,2.서울특별시,성동구,1.095
2016,2.서울특별시,성동구,1.013
2017,2.서울특별시,성동구,0.972
2018,2.서울특별시,성동구,0.909
2019,2.서울특별시,성동구,0.855
2020,2.서울특별시,성동구,0.783
2001,2.서울특별시,성북구,1.042
2002,2.서울특별시,성북구,0.899
2003,2.서울특별시,성북구,1.0
2004,2.서울특별시,성북구,1.025
2005,2.서울특별시,성북구,0.946
2006,2.서울특별시,성북구,1.012
2007,2.서울특별시,성북구,1.12
2008,2.서울특별시,성북구,1.042
2009,2.서울특별시,성북구,1.001
2010,2.서울특별시,성북구,1.048
2011,2.서울특별시,성북구,1.062
2012,2.서울특별시,성북구,1.044
2013,2.서울특별시,성북구,0.983
2014,2.서울특별시,성북구,0.949
2015,2.서울특별시,성북구,0.991
2016,2.서울특별시,성북구,0.909
2017,2.서울특별시,성북구,0.818
2018,2.서울특별시,성북구,0.737
2019,2.서울특별시,성북구,0.707
2020,2.서울특별시,성북구,0.676
2001,2.서울특별시,송파구,1.135
2002,2.서울특별시,송파구,1.036
2003,2.서울특별시,송파구,1.034
2004,2.서울특별시,송파구,0.991
2005,2.서울특별시,송파구,0.931
2006,2.서울특별시,송파구,0.958
2007,2.서울특별시,송파구,1.046
2008,2.서울특별시,송파구,0.996
2009,2.서울특별시,송파구,1.0
2010,2.서울특별시,송파구,1.058
2011,2.서울특별시,송파구,1.042
2012,2.서울특별시,송파구,1.099
2013,2.서울특별시,송파구,0.973
2014,2.서울특별시,송파구,0.996
2015,2.서울특별시,송파구,1.008
2016,2.서울특별시,송파구,0.958
2017,2.서울특별시,송파구,0.871
2018,2.서울특별시,송파구,0.8
2019,2.서울특별시,송파구,0.77
2020,2.서울특별시,송파구,0.665
2001,2.서울특별시,양천구,1.149
2002,2.서울특별시,양천구,1.059
2003,2.서울특별시,양천구,1.049
2004,2.서울특별시,양천구,1.022
2005,2.서울특별시,양천구,0.961
2006,2.서울특별시,양천구,1.019
2007,2.서울특별시,양천구,1.124
2008,2.서울특별시,양천구,1.043
2009,2.서울특별시,양천구,0.947
2010,2.서울특별시,양천구,0.974
2011,2.서울특별시,양천구,1.002
2012,2.서울특별시,양천구,1.055
2013,2.서울특별시,양천구,0.99
2014,2.서울특별시,양천구,1.005
2015,2.서울특별시,양천구,1.034
2016,2.서울특별시,양천구,1.008
2017,2.서울특별시,양천구,0.898
2018,2.서울특별시,양천구,0.771
2019,2.서울특별시,양천구,0.742
2020,2.서울특별시,양천구,0.644
2001,2.서울특별시,영등포구,1.194
2002,2.서울특별시,영등포구,1.085
2003,2.서울특별시,영등포구,1.106
2004,2.서울특별시,영등포구,1.101
2005,2.서울특별시,영등포구,1.05
2006,2.서울특별시,영등포구,1.101
2007,2.서울특별시,영등포구,1.208
2008,2.서울특별시,영등포구,1.116
2009,2.서울특별시,영등포구,1.056
2010,2.서울특별시,영등포구,1.128
2011,2.서울특별시,영등포구,1.103
2012,2.서울특별시,영등포구,1.142
2013,2.서울특별시,영등포구,0.999
2014,2.서울특별시,영등포구,1.025
2015,2.서울특별시,영등포구,1.085
2016,2.서울특별시,영등포구,1.011
2017,2.서울특별시,영등포구,0.884
2018,2.서울특별시,영등포구,0.851
2019,2.서울특별시,영등포구,0.829
2020,2.서울특별시,영등포구,0.705
2001,2.서울특별시,용산구,1.105
2002,2.서울특별시,용산구,0.937
2003,2.서울특별시,용산구,0.951
2004,2.서울특별시,용산구,0.989
2005,2.서울특별시,용산구,0.906
2006,2.서울특별시,용산구,0.965
2007,2.서울특별시,용산구,1.081
2008,2.서울특별시,용산구,1.017
2009,2.서울특별시,용산구,0.939
2010,2.서울특별시,용산구,1.017
2011,2.서울특별시,용산구,1.039
2012,2.서울특별시,용산구,1.098
2013,2.서울특별시,용산구,1.008
2014,2.서울특별시,용산구,0.978
2015,2.서울특별시,용산구,1.005
2016,2.서울특별시,용산구,0.907
2017,2.서울특별시,용산구,0.793
2018,2.서울특별시,용산구,0.747
2019,2.서울특별시,용산구,0.713
2020,2.서울특별시,용산구,0.634
2001,2.서울특별시,은평구,1.075
2002,2.서울특별시,은평구,1.012
2003,2.서울특별시,은평구,1.074
2004,2.서울특별시,은평구,1.044
2005,2.서울특별시,은평구,0.949
2006,2.서울특별시,은평구,0.994
2007,2.서울특별시,은평구,1.07
2008,2.서울특별시,은평구,0.966
2009,2.서울특별시,은평구,0.958
2010,2.서울특별시,은평구,1.02
2011,2.서울특별시,은평구,1.064
2012,2.서울특별시,은평구,1.139
2013,2.서울특별시,은평구,1.024
2014,2.서울특별시,은평구,1.028
2015,2.서울특별시,은평구,1.003
2016,2.서울특별시,은평구,0.943
2017,2.서울특별시,은평구,0.814
2018,2.서울특별시,은평구,0.772
2019,2.서울특별시,은평구,0.697
2020,2.서울특별시,은평구,0.623
2001,2.서울특별시,종로구,0.972
2002,2.서울특별시,종로구,0.869
2003,2.서울특별시,종로구,0.88
2004,2.서울특별시,종로구,0.846
2005,2.서울특별시,종로구,0.778
2006,2.서울특별시,종로구,0.811
2007,2.서울특별시,종로구,0.879
2008,2.서울특별시,종로구,0.857
2009,2.서울특별시,종로구,0.796
2010,2.서울특별시,종로구,0.837
2011,2.서울특별시,종로구,0.86
2012,2.서울특별시,종로구,0.89
2013,2.서울특별시,종로구,0.729
2014,2.서울특별시,종로구,0.79
2015,2.서울특별시,종로구,0.813
2016,2.서울특별시,종로구,0.784
2017,2.서울특별시,종로구,0.646
2018,2.서울특별시,종로구,0.606
2019,2.서울특별시,종로구,0.648
2020,2.서울특별시,종로구,0.522
2001,2.서울특별시,중구,1.102
2002,2.서울특별시,중구,1.018
2003,2.서울특별시,중구,0.913
2004,2.서울특별시,중구,0.997
2005,2.서울특별시,중구,0.903
2006,2.서울특별시,중구,0.942
2007,2.서울특별시,중구,1.084
2008,2.서울특별시,중구,0.978
2009,2.서울특별시,중구,0.921
2010,2.서울특별시,중구,1.055
2011,2.서울특별시,중구,1.017
2012,2.서울특별시,중구,1.121
2013,2.서울특별시,중구,0.955
2014,2.서울특별시,중구,1.004
2015,2.서울특별시,중구,0.946
2016,2.서울특별시,중구,0.974
2017,2.서울특별시,중구,0.824
2018,2.서울특별시,중구,0.737
2019,2.서울특별시,중구,0.78
2020,2.서울특별시,중구,0.688
2001,2.서울특별시,중랑구,1.045
2002,2.서울특별시,중랑구,0.992
2003,2.서울특별시,중랑구,0.947
2004,2.서울특별시,중랑구,1.008
2005,2.서울특별시,중랑구,0.915
2006,2.서울특별시,중랑구,0.978
2007,2.서울특별시,중랑구,1.046
2008,2.서울특별시,중랑구,1.01
2009,2.서울특별시,중랑구,0.963
2010,2.서울특별시,중랑구,1.01
2011,2.서울특별시,중랑구,0.996
2012,2.서울특별시,중랑구,1.082
2013,2.서울특별시,중랑구,0.991
2014,2.서울특별시,중랑구,1.006
2015,2.서울특별시,중랑구,1.051
2016,2.서울특별시,중랑구,0.995
2017,2.서울특별시,중랑구,0.906
2018,2.서울특별시,중랑구,0.825
2019,2.서울특별시,중랑구,0.777
2020,2.서울특별시,중랑구,0.66
2001,3.인천광역시,,1.324
2002,3.인천광역시,,1.185
2003,3.인천광역시,,1.213
2004,3.인천광역시,,1.158
2005,3.인천광역시,,1.075
2006,3.인천광역시,,1.116
2007,3.인천광역시,,1.257
2008,3.인천광역시,,1.186
2009,3.인천광역시,,1.143
2010,3.인천광역시,,1.214
2011,3.인천광역시,,1.232
2012,3.인천광역시,,1.301
2013,3.인천광역시,,1.195
2014,3.인천광역시,,1.212
2015,3.인천광역시,,1.216
2016,3.인천광역시,,1.144
2017,3.인천광역시,,1.007
2018,3.인천광역시,,1.006
2019,3.인천광역시,,0.94
2020,3.인천광역시,,0.829
2001,3.인천광역시,강화군,1.304
2002,3.인천광역시,강화군,1.183
2003,3.인천광역시,강화군,1.239
2004,3.인천광역시,강화군,1.159
2005,3.인천광역시,강화군,1.197
2006,3.인천광역시,강화군,1.182
2007,3.인천광역시,강화군,1.243
2008,3.인천광역시,강화군,1.149
2009,3.인천광역시,강화군,1.177
2010,3.인천광역시,강화군,1.177
2011,3.인천광역시,강화군,1.062
2012,3.인천광역시,강화군,1.136
2013,3.인천광역시,강화군,0.991
2014,3.인천광역시,강화군,1.102
2015,3.인천광역시,강화군,1.081
2016,3.인천광역시,강화군,1.114
2017,3.인천광역시,강화군,0.989
2018,3.인천광역시,강화군,1.064
2019,3.인천광역시,강화군,1.251
2020,3.인천광역시,강화군,1.312
2001,3.인천광역시,계양구,1.478
2002,3.인천광역시,계양구,1.302
2003,3.인천광역시,계양구,1.331
2004,3.인천광역시,계양구,1.255
2005,3.인천광역시,계양구,1.115
2006,3.인천광역시,계양구,1.194
2007,3.인천광역시,계양구,1.324
2008,3.인천광역시,계양구,1.208
2009,3.인천광역시,계양구,1.176
2010,3.인천광역시,계양구,1.244
2011,3.인천광역시,계양구,1.24
2012,3.인천광역시,계양구,1.3
2013,3.인천광역시,계양구,1.142
2014,3.인천광역시,계양구,1.166
2015,3.인천광역시,계양구,1.126
2016,3.인천광역시,계양구,1.047
2017,3.인천광역시,계양구,0.882
2018,3.인천광역시,계양구,0.904
2019,3.인천광역시,계양구,0.829
2020,3.인천광역시,계양구,0.669
2001,3.인천광역시,남동구,1.395
2002,3.인천광역시,남동구,1.196
2003,3.인천광역시,남동구,1.18
2004,3.인천광역시,남동구,1.128
2005,3.인천광역시,남동구,1.027
2006,3.인천광역시,남동구,1.087
2007,3.인천광역시,남동구,1.243
2008,3.인천광역시,남동구,1.241
2009,3.인천광역시,남동구,1.195
2010,3.인천광역시,남동구,1.211
2011,3.인천광역시,남동구,1.28
2012,3.인천광역시,남동구,1.333
2013,3.인천광역시,남동구,1.183
2014,3.인천광역시,남동구,1.209
2015,3.인천광역시,남동구,1.24
2016,3.인천광역시,남동구,1.163
2017,3.인천광역시,남동구,1.008
2018,3.인천광역시,남동구,1.006
2019,3.인천광역시,남동구,0.915
2020,3.인천광역시,남동구,0.808
2001,3.인천광역시,동구,0.972
2002,3.인천광역시,동구,0.903
2003,3.인천광역시,동구,1.104
2004,3.인천광역시,동구,1.243
2005,3.인천광역시,동구,0.994
2006,3.인천광역시,동구,1.026
2007,3.인천광역시,동구,1.151
2008,3.인천광역시,동구,1.136
2009,3.인천광역시,동구,1.083
2010,3.인천광역시,동구,1.253
2011,3.인천광역시,동구,1.398
2012,3.인천광역시,동구,1.342
2013,3.인천광역시,동구,1.221
2014,3.인천광역시,동구,1.156
2015,3.인천광역시,동구,1.325
2016,3.인천광역시,동구,1.185
2017,3.인천광역시,동구,1.039
2018,3.인천광역시,동구,1.005
2019,3.인천광역시,동구,0.995
2020,3.인천광역시,동구,0.697
2001,3.인천광역시,미추홀구,1.158
2002,3.인천광역시,미추홀구,1.063
2003,3.인천광역시,미추홀구,1.111
2004,3.인천광역시,미추홀구,1.093
2005,3.인천광역시,미추홀구,0.97
2006,3.인천광역시,미추홀구,0.978
2007,3.인천광역시,미추홀구,1.124
2008,3.인천광역시,미추홀구,1.083
2009,3.인천광역시,미추홀구,1.047
2010,3.인천광역시,미추홀구,1.146
2011,3.인천광역시,미추홀구,1.151
2012,3.인천광역시,미추홀구,1.205
2013,3.인천광역시,미추홀구,1.107
2014,3.인천광역시,미추홀구,1.106
2015,3.인천광역시,미추홀구,1.127
2016,3.인천광역시,미추홀구,1.068
2017,3.인천광역시,미추홀구,1.027
2018,3.인천광역시,미추홀구,0.951
2019,3.인천광역시,미추홀구,0.878
2020,3.인천광역시,미추홀구,0.798
2001,3.인천광역시,부평구,1.314
2002,3.인천광역시,부평구,1.189
2003,3.인천광역시,부평구,1.21
2004,3.인천광역시,부평구,1.135
2005,3.인천광역시,부평구,1.084
2006,3.인천광역시,부평구,1.132
2007,3.인천광역시,부평구,1.259
2008,3.인천광역시,부평구,1.157
2009,3.인천광역시,부평구,1.133
2010,3.인천광역시,부평구,1.168
2011,3.인천광역시,부평구,1.156
2012,3.인천광역시,부평구,1.205
2013,3.인천광역시,부평구,1.139
2014,3.인천광역시,부평구,1.183
2015,3.인천광역시,부평구,1.177
2016,3.인천광역시,부평구,1.113
2017,3.인천광역시,부평구,0.977
2018,3.인천광역시,부평구,0.954
2019,3.인천광역시,부평구,0.839
2020,3.인천광역시,부평구,0.713
2001,3.인천광역시,서구,1.413
2002,3.인천광역시,서구,1.278
2003,3.인천광역시,서구,1.258
2004,3.인천광역시,서구,1.178
2005,3.인천광역시,서구,1.201
2006,3.인천광역시,서구,1.231
2007,3.인천광역시,서구,1.372
2008,3.인천광역시,서구,1.309
2009,3.인천광역시,서구,1.213
2010,3.인천광역시,서구,1.329
2011,3.인천광역시,서구,1.363
2012,3.인천광역시,서구,1.485
2013,3.인천광역시,서구,1.384
2014,3.인천광역시,서구,1.362
2015,3.인천광역시,서구,1.35
2016,3.인천광역시,서구,1.28
2017,3.인천광역시,서구,1.058
2018,3.인천광역시,서구,1.119
2019,3.인천광역시,서구,1.077
2020,3.인천광역시,서구,0.95
2001,3.인천광역시,연수구,1.32
2002,3.인천광역시,연수구,1.172
2003,3.인천광역시,연수구,1.249
2004,3.인천광역시,연수구,1.134
2005,3.인천광역시,연수구,1.072
2006,3.인천광역시,연수구,1.1
2007,3.인천광역시,연수구,1.24
2008,3.인천광역시,연수구,1.149
2009,3.인천광역시,연수구,1.094
2010,3.인천광역시,연수구,1.207
2011,3.인천광역시,연수구,1.194
2012,3.인천광역시,연수구,1.284
2013,3.인천광역시,연수구,1.21
2014,3.인천광역시,연수구,1.234
2015,3.인천광역시,연수구,1.215
2016,3.인천광역시,연수구,1.135
2017,3.인천광역시,연수구,1.064
2018,3.인천광역시,연수구,1.059
2019,3.인천광역시,연수구,1.013
2020,3.인천광역시,연수구,0.946
2001,3.인천광역시,옹진군,2.184
2002,3.인천광역시,옹진군,1.714
2003,3.인천광역시,옹진군,1.863
2004,3.인천광역시,옹진군,1.655
2005,3.인천광역시,옹진군,1.239
2006,3.인천광역시,옹진군,1.546
2007,3.인천광역시,옹진군,1.613
2008,3.인천광역시,옹진군,1.35
2009,3.인천광역시,옹진군,1.586
2010,3.인천광역시,옹진군,1.569
2011,3.인천광역시,옹진군,1.628
2012,3.인천광역시,옹진군,1.77
2013,3.인천광역시,옹진군,1.352
2014,3.인천광역시,옹진군,1.387
2015,3.인천광역시,옹진군,1.339
2016,3.인천광역시,옹진군,1.395
2017,3.인천광역시,옹진군,1.186
2018,3.인천광역시,옹진군,1.341
2019,3.인천광역시,옹진군,1.293
2020,3.인천광역시,옹진군,1.125
2001,3.인천광역시,중구,1.209
2002,3.인천광역시,중구,1.164
2003,3.인천광역시,중구,1.336
2004,3.인천광역시,중구,1.364
2005,3.인천광역시,중구,1.154
2006,3.인천광역시,중구,1.164
2007,3.인천광역시,중구,1.376
2008,3.인천광역시,중구,1.169
2009,3.인천광역시,중구,1.163
2010,3.인천광역시,중구,1.3
2011,3.인천광역시,중구,1.284
2012,3.인천광역시,중구,1.364
2013,3.인천광역시,중구,1.283
2014,3.인천광역시,중구,1.298
2015,3.인천광역시,중구,1.299
2016,3.인천광역시,중구,1.19
2017,3.인천광역시,중구,1.047
2018,3.인천광역시,중구,1.018
2019,3.인천광역시,중구,0.993
2020,3.인천광역시,중구,0.816
2001,4.경기도,,1.437
2002,4.경기도,,1.305
2003,4.경기도,,1.321
2004,4.경기도,,1.28
2005,4.경기도,,1.183
2006,4.경기도,,1.239
2007,4.경기도,,1.361
2008,4.경기도,,1.285
2009,4.경기도,,1.226
2010,4.경기도,,1.309
2011,4.경기도,,1.314
2012,4.경기도,,1.355
2013,4.경기도,,1.226
2014,4.경기도,,1.241
2015,4.경기도,,1.272
2016,4.경기도,,1.194
2017,4.경기도,,1.069
2018,4.경기도,,1.002
2019,4.경기도,,0.943
2020,4.경기도,,0.878
2001,4.경기도,가평군,1.58
2002,4.경기도,가평군,1.305
2003,4.경기도,가평군,1.341
2004,4.경기도,가평군,1.396
2005,4.경기도,가평군,1.263
2006,4.경기도,가평군,1.248
2007,4.경기도,가평군,1.305
2008,4.경기도,가평군,1.399
2009,4.경기도,가평군,1.293
2010,4.경기도,가평군,1.32
2011,4.경기도,가평군,1.315
2012,4.경기도,가평군,1.393
2013,4.경기도,가평군,1.207
2014,4.경기도,가평군,1.251
2015,4.경기도,가평군,1.27
2016,4.경기도,가평군,1.283
2017,4.경기도,가평군,1.307
2018,4.경기도,가평군,1.093
2019,4.경기도,가평군,0.971
2020,4.경기도,가평군,1.025
2001,4.경기도,고양시,1.345
2002,4.경기도,고양시,1.207
2003,4.경기도,고양시,1.237
2004,4.경기도,고양시,1.191
2005,4.경기도,고양시,1.084
2006,4.경기도,고양시,1.144
2007,4.경기도,고양시,1.234
2008,4.경기도,고양시,1.183
2009,4.경기도,고양시,1.094
2010,4.경기도,고양시,1.165
2011,4.경기도,고양시,1.17
2012,4.경기도,고양시,1.211
2013,4.경기도,고양시,1.087
2014,4.경기도,고양시,1.111
2015,4.경기도,고양시,1.161
2016,4.경기도,고양시,1.071
2017,4.경기도,고양시,0.96
2018,4.경기도,고양시,0.846
2019,4.경기도,고양시,0.802
2020,4.경기도,고양시,0.788
2001,4.경기도,과천시,1.335
2002,4.경기도,과천시,1.222
2003,4.경기도,과천시,1.2
2004,4.경기도,과천시,1.231
2005,4.경기도,과천시,0.988
2006,4.경기도,과천시,0.97
2007,4.경기도,과천시,1.008
2008,4.경기도,과천시,1.089
2009,4.경기도,과천시,1.174
2010,4.경기도,과천시,1.148
2011,4.경기도,과천시,1.156
2012,4.경기도,과천시,1.204
2013,4.경기도,과천시,1.184
2014,4.경기도,과천시,1.121
2015,4.경기도,과천시,1.099
2016,4.경기도,과천시,0.982
2017,4.경기도,과천시,0.855
2018,4.경기도,과천시,0.796
2019,4.경기도,과천시,0.78
2020,4.경기도,과천시,0.993
2001,4.경기도,광명시,1.409
2002,4.경기도,광명시,1.259
2003,4.경기도,광명시,1.303
2004,4.경기도,광명시,1.259
2005,4.경기도,광명시,1.133
2006,4.경기도,광명시,1.182
2007,4.경기도,광명시,1.229
2008,4.경기도,광명시,1.209
2009,4.경기도,광명시,1.122
2010,4.경기도,광명시,1.336
2011,4.경기도,광명시,1.417
2012,4.경기도,광명시,1.366
2013,4.경기도,광명시,1.198
2014,4.경기도,광명시,1.17
2015,4.경기도,광명시,1.235
2016,4.경기도,광명시,1.126
2017,4.경기도,광명시,0.978
2018,4.경기도,광명시,0.925
2019,4.경기도,광명시,0.84
2020,4.경기도,광명시,0.823
2001,4.경기도,광주시,1.528
2002,4.경기도,광주시,1.442
2003,4.경기도,광주시,1.378
2004,4.경기도,광주시,1.35
2005,4.경기도,광주시,1.285
2006,4.경기도,광주시,1.346
2007,4.경기도,광주시,1.476
2008,4.경기도,광주시,1.343
2009,4.경기도,광주시,1.274
2010,4.경기도,광주시,1.345
2011,4.경기도,광주시,1.409
2012,4.경기도,광주시,1.471
2013,4.경기도,광주시,1.34
2014,4.경기도,광주시,1.453
2015,4.경기도,광주시,1.45
2016,4.경기도,광주시,1.323
2017,4.경기도,광주시,1.187
2018,4.경기도,광주시,1.127
2019,4.경기도,광주시,1.043
2020,4.경기도,광주시,0.959
2001,4.경기도,구리시,1.296
2002,4.경기도,구리시,1.231
2003,4.경기도,구리시,1.268
2004,4.경기도,구리시,1.194
2005,4.경기도,구리시,1.068
2006,4.경기도,구리시,1.203
2007,4.경기도,구리시,1.318
2008,4.경기도,구리시,1.209
2009,4.경기도,구리시,1.167
2010,4.경기도,구리시,1.232
2011,4.경기도,구리시,1.201
2012,4.경기도,구리시,1.263
2013,4.경기도,구리시,1.153
2014,4.경기도,구리시,1.055
2015,4.경기도,구리시,1.159
2016,4.경기도,구리시,1.034
2017,4.경기도,구리시,0.979
2018,4.경기도,구리시,0.955
2019,4.경기도,구리시,0.872
2020,4.경기도,구리시,0.784
2001,4.경기도,군포시,1.529
2002,4.경기도,군포시,1.325
2003,4.경기도,군포시,1.449
2004,4.경기도,군포시,1.359
2005,4.경기도,군포시,1.251
2006,4.경기도,군포시,1.38
2007,4.경기도,군포시,1.467
2008,4.경기도,군포시,1.428
2009,4.경기도,군포시,1.347
2010,4.경기도,군포시,1.451
2011,4.경기도,군포시,1.492
2012,4.경기도,군포시,1.535
2013,4.경기도,군포시,1.352
2014,4.경기도,군포시,1.418
2015,4.경기도,군포시,1.422
2016,4.경기도,군포시,1.339
2017,4.경기도,군포시,1.105
2018,4.경기도,군포시,1.058
2019,4.경기도,군포시,1.046
2020,4.경기도,군포시,0.912
2001,4.경기도,김포시,1.495
2002,4.경기도,김포시,1.361
2003,4.경기도,김포시,1.347
2004,4.경기도,김포시,1.346
2005,4.경기도,김포시,1.183
2006,4.경기도,김포시,1.211
2007,4.경기도,김포시,1.329
2008,4.경기도,김포시,1.256
2009,4.경기도,김포시,1.243
2010,4.경기도,김포시,1.324
2011,4.경기도,김포시,1.33
2012,4.경기도,김포시,1.472
2013,4.경기도,김포시,1.356
2014,4.경기도,김포시,1.441
2015,4.경기도,김포시,1.461
2016,4.경기도,김포시,1.296
2017,4.경기도,김포시,1.175
2018,4.경기도,김포시,1.094
2019,4.경기도,김포시,1.016
2020,4.경기도,김포시,0.976
2001,4.경기도,남양주시,1.455
2002,4.경기도,남양주시,1.278
2003,4.경기도,남양주시,1.259
2004,4.경기도,남양주시,1.231
2005,4.경기도,남양주시,1.125
2006,4.경기도,남양주시,1.233
2007,4.경기도,남양주시,1.42
2008,4.경기도,남양주시,1.328
2009,4.경기도,남양주시,1.23
2010,4.경기도,남양주시,1.349
2011,4.경기도,남양주시,1.385
2012,4.경기도,남양주시,1.38
2013,4.경기도,남양주시,1.24
2014,4.경기도,남양주시,1.226
2015,4.경기도,남양주시,1.255
2016,4.경기도,남양주시,1.19
2017,4.경기도,남양주시,1.043
2018,4.경기도,남양주시,0.988
2019,4.경기도,남양주시,0.908
2020,4.경기도,남양주시,0.868
2001,4.경기도,동두천시,1.323
2002,4.경기도,동두천시,1.159
2003,4.경기도,동두천시,1.277
2004,4.경기도,동두천시,1.206
2005,4.경기도,동두천시,1.173
2006,4.경기도,동두천시,1.268
2007,4.경기도,동두천시,1.449
2008,4.경기도,동두천시,1.282
2009,4.경기도,동두천시,1.262
2010,4.경기도,동두천시,1.45
2011,4.경기도,동두천시,1.428
2012,4.경기도,동두천시,1.331
2013,4.경기도,동두천시,1.293
2014,4.경기도,동두천시,1.293
2015,4.경기도,동두천시,1.292
2016,4.경기도,동두천시,1.261
2017,4.경기도,동두천시,1.078
2018,4.경기도,동두천시,0.879
2019,4.경기도,동두천시,0.854
2020,4.경기도,동두천시,0.809
2001,4.경기도,부천시,1.326
2002,4.경기도,부천시,1.197
2003,4.경기도,부천시,1.234
2004,4.경기도,부천시,1.202
2005,4.경기도,부천시,1.082
2006,4.경기도,부천시,1.133
2007,4.경기도,부천시,1.248
2008,4.경기도,부천시,1.164
2009,4.경기도,부천시,1.124
2010,4.경기도,부천시,1.172
2011,4.경기도,부천시,1.159
2012,4.경기도,부천시,1.189
2013,4.경기도,부천시,1.053
2014,4.경기도,부천시,1.089
2015,4.경기도,부천시,1.072
2016,4.경기도,부천시,1.019
2017,4.경기도,부천시,0.977
2018,4.경기도,부천시,0.896
2019,4.경기도,부천시,0.807
2020,4.경기도,부천시,0.745
2001,4.경기도,성남시,1.255
2002,4.경기도,성남시,1.146
2003,4.경기도,성남시,1.185
2004,4.경기도,성남시,1.168
2005,4.경기도,성남시,1.061
2006,4.경기도,성남시,1.086
2007,4.경기도,성남시,1.199
2008,4.경기도,성남시,1.107
2009,4.경기도,성남시,1.063
2010,4.경기도,성남시,1.17
2011,4.경기도,성남시,1.173
2012,4.경기도,성남시,1.186
2013,4.경기도,성남시,1.11
2014,4.경기도,성남시,1.114
2015,4.경기도,성남시,1.159
2016,4.경기도,성남시,1.11
2017,4.경기도,성남시,1.005
2018,4.경기도,성남시,0.91
2019,4.경기도,성남시,0.852
2020,4.경기도,성남시,0.767
2001,4.경기도,수원시,1.455
2002,4.경기도,수원시,1.322
2003,4.경기도,수원시,1.36
2004,4.경기도,수원시,1.292
2005,4.경기도,수원시,1.143
2006,4.경기도,수원시,1.189
2007,4.경기도,수원시,1.313
2008,4.경기도,수원시,1.241
2009,4.경기도,수원시,1.171
2010,4.경기도,수원시,1.226
2011,4.경기도,수원시,1.218
2012,4.경기도,수원시,1.335
2013,4.경기도,수원시,1.23
2014,4.경기도,수원시,1.247
2015,4.경기도,수원시,1.292
2016,4.경기도,수원시,1.19
2017,4.경기도,수원시,1.044
2018,4.경기도,수원시,0.985
2019,4.경기도,수원시,0.89
2020,4.경기도,수원시,0.796
2001,4.경기도,시흥시,1.712
2002,4.경기도,시흥시,1.561
2003,4.경기도,시흥시,1.557
2004,4.경기도,시흥시,1.493
2005,4.경기도,시흥시,1.386
2006,4.경기도,시흥시,1.488
2007,4.경기도,시흥시,1.546
2008,4.경기도,시흥시,1.478
2009,4.경기도,시흥시,1.436
2010,4.경기도,시흥시,1.478
2011,4.경기도,시흥시,1.45
2012,4.경기도,시흥시,1.449
2013,4.경기도,시흥시,1.289
2014,4.경기도,시흥시,1.237
2015,4.경기도,시흥시,1.306
2016,4.경기도,시흥시,1.202
2017,4.경기도,시흥시,1.083
2018,4.경기도,시흥시,1.14
2019,4.경기도,시흥시,1.081
2020,4.경기도,시흥시,0.979
2001,4.경기도,안산시,1.575
2002,4.경기도,안산시,1.423
2003,4.경기도,안산시,1.409
2004,4.경기도,안산시,1.372
2005,4.경기도,안산시,1.234
2006,4.경기도,안산시,1.248
2007,4.경기도,안산시,1.388
2008,4.경기도,안산시,1.282
2009,4.경기도,안산시,1.181
2010,4.경기도,안산시,1.251
2011,4.경기도,안산시,1.263
2012,4.경기도,안산시,1.284
2013,4.경기도,안산시,1.183
2014,4.경기도,안산시,1.185
2015,4.경기도,안산시,1.219
2016,4.경기도,안산시,1.106
2017,4.경기도,안산시,0.983
2018,4.경기도,안산시,0.879
2019,4.경기도,안산시,0.887
2020,4.경기도,안산시,0.869
2001,4.경기도,안성시,1.59
2002,4.경기도,안성시,1.533
2003,4.경기도,안성시,1.489
2004,4.경기도,안성시,1.482
2005,4.경기도,안성시,1.353
2006,4.경기도,안성시,1.44
2007,4.경기도,안성시,1.522
2008,4.경기도,안성시,1.549
2009,4.경기도,안성시,1.463
2010,4.경기도,안성시,1.436
2011,4.경기도,안성시,1.525
2012,4.경기도,안성시,1.555
2013,4.경기도,안성시,1.404
2014,4.경기도,안성시,1.371
2015,4.경기도,안성시,1.335
2016,4.경기도,안성시,1.285
2017,4.경기도,안성시,1.178
2018,4.경기도,안성시,1.026
2019,4.경기도,안성시,1.002
2020,4.경기도,안성시,0.842
2001,4.경기도,안양시,1.288
2002,4.경기도,안양시,1.191
2003,4.경기도,안양시,1.224
2004,4.경기도,안양시,1.226
2005,4.경기도,안양시,1.142
2006,4.경기도,안양시,1.161
2007,4.경기도,안양시,1.229
2008,4.경기도,안양시,1.181
2009,4.경기도,안양시,1.094
2010,4.경기도,안양시,1.186
2011,4.경기도,안양시,1.192
2012,4.경기도,안양시,1.192
2013,4.경기도,안양시,1.111
2014,4.경기도,안양시,1.143
2015,4.경기도,안양시,1.177
2016,4.경기도,안양시,1.112
2017,4.경기도,안양시,0.985
2018,4.경기도,안양시,1.006
2019,4.경기도,안양시,0.98
2020,4.경기도,안양시,0.87
2001,4.경기도,양주시,1.561
2002,4.경기도,양주시,1.556
2003,4.경기도,양주시,1.419
2004,4.경기도,양주시,1.367
2005,4.경기도,양주시,1.297
2006,4.경기도,양주시,1.302
2007,4.경기도,양주시,1.496
2008,4.경기도,양주시,1.368
2009,4.경기도,양주시,1.344
2010,4.경기도,양주시,1.442
2011,4.경기도,양주시,1.474
2012,4.경기도,양주시,1.486
2013,4.경기도,양주시,1.297
2014,4.경기도,양주시,1.354
2015,4.경기도,양주시,1.318
2016,4.경기도,양주시,1.279
2017,4.경기도,양주시,1.188
2018,4.경기도,양주시,1.09
2019,4.경기도,양주시,1.03
2020,4.경기도,양주시,0.987
2001,4.경기도,양평군,1.269
2002,4.경기도,양평군,1.042
2003,4.경기도,양평군,1.014
2004,4.경기도,양평군,1.265
2005,4.경기도,양평군,1.16
2006,4.경기도,양평군,1.261
2007,4.경기도,양평군,1.338
2008,4.경기도,양평군,1.237
2009,4.경기도,양평군,1.279
2010,4.경기도,양평군,1.223
2011,4.경기도,양평군,1.34
2012,4.경기도,양평군,1.296
2013,4.경기도,양평군,1.224
2014,4.경기도,양평군,1.294
2015,4.경기도,양평군,1.18
2016,4.경기도,양평군,1.22
2017,4.경기도,양평군,1.163
2018,4.경기도,양평군,0.994
2019,4.경기도,양평군,1.024
2020,4.경기도,양평군,0.967
2001,4.경기도,여주시,1.618
2002,4.경기도,여주시,1.413
2003,4.경기도,여주시,1.429
2004,4.경기도,여주시,1.433
2005,4.경기도,여주시,1.401
2006,4.경기도,여주시,1.259
2007,4.경기도,여주시,1.456
2008,4.경기도,여주시,1.264
2009,4.경기도,여주시,1.346
2010,4.경기도,여주시,1.307
2011,4.경기도,여주시,1.347
2012,4.경기도,여주시,1.347
2013,4.경기도,여주시,1.308
2014,4.경기도,여주시,1.354
2015,4.경기도,여주시,1.336
2016,4.경기도,여주시,1.303
2017,4.경기도,여주시,1.073
2018,4.경기도,여주시,1.118
2019,4.경기도,여주시,1.083
2020,4.경기도,여주시,1.053
2001,4.경기도,연천군,1.484
2002,4.경기도,연천군,1.485
2003,4.경기도,연천군,1.418
2004,4.경기도,연천군,1.486
2005,4.경기도,연천군,1.38
2006,4.경기도,연천군,1.362
2007,4.경기도,연천군,1.401
2008,4.경기도,연천군,1.347
2009,4.경기도,연천군,1.324
2010,4.경기도,연천군,1.521
2011,4.경기도,연천군,1.456
2012,4.경기도,연천군,1.821
2013,4.경기도,연천군,1.922
2014,4.경기도,연천군,1.85
2015,4.경기도,연천군,1.729
2016,4.경기도,연천군,1.863
2017,4.경기도,연천군,1.59
2018,4.경기도,연천군,1.613
2019,4.경기도,연천군,1.413
2020,4.경기도,연천군,1.281
2001,4.경기도,오산시,1.937
2002,4.경기도,오산시,1.634
2003,4.경기도,오산시,1.649
2004,4.경기도,오산시,1.561
2005,4.경기도,오산시,1.494
2006,4.경기도,오산시,1.536
2007,4.경기도,오산시,1.683
2008,4.경기도,오산시,1.586
2009,4.경기도,오산시,1.493
2010,4.경기도,오산시,1.589
2011,4.경기도,오산시,1.649
2012,4.경기도,오산시,1.683
2013,4.경기도,오산시,1.469
2014,4.경기도,오산시,1.501
2015,4.경기도,오산시,1.458
2016,4.경기도,오산시,1.375
2017,4.경기도,오산시,1.21
2018,4.경기도,오산시,1.13
2019,4.경기도,오산시,1.04
2020,4.경기도,오산시,0.919
2001,4.경기도,용인시,1.473
2002,4.경기도,용인시,1.358
2003,4.경기도,용인시,1.305
2004,4.경기도,용인시,1.291
2005,4.경기도,용인시,1.27
2006,4.경기도,용인시,1.322
2007,4.경기도,용인시,1.443
2008,4.경기도,용인시,1.32
2009,4.경기도,용인시,1.263
2010,4.경기도,용인시,1.331
2011,4.경기도,용인시,1.337
2012,4.경기도,용인시,1.392
2013,4.경기도,용인시,1.244
2014,4.경기도,용인시,1.29
2015,4.경기도,용인시,1.316
2016,4.경기도,용인시,1.205
2017,4.경기도,용인시,1.039
2018,4.경기도,용인시,0.981
2019,4.경기도,용인시,0.936
2020,4.경기도,용인시,0.907
2001,4.경기도,의왕시,1.402
2002,4.경기도,의왕시,1.242
2003,4.경기도,의왕시,1.308
2004,4.경기도,의왕시,1.234
2005,4.경기도,의왕시,1.135
2006,4.경기도,의왕시,1.203
2007,4.경기도,의왕시,1.258
2008,4.경기도,의왕시,1.226
2009,4.경기도,의왕시,1.152
2010,4.경기도,의왕시,1.312
2011,4.경기도,의왕시,1.255
2012,4.경기도,의왕시,1.378
2013,4.경기도,의왕시,1.312
2014,4.경기도,의왕시,1.225
2015,4.경기도,의왕시,1.209
2016,4.경기도,의왕시,1.13
2017,4.경기도,의왕시,0.912
2018,4.경기도,의왕시,0.885
2019,4.경기도,의왕시,0.924
2020,4.경기도,의왕시,0.886
2001,4.경기도,의정부시,1.332
2002,4.경기도,의정부시,1.222
2003,4.경기도,의정부시,1.251
2004,4.경기도,의정부시,1.13
2005,4.경기도,의정부시,1.095
2006,4.경기도,의정부시,1.089
2007,4.경기도,의정부시,1.273
2008,4.경기도,의정부시,1.185
2009,4.경기도,의정부시,1.126
2010,4.경기도,의정부시,1.18
2011,4.경기도,의정부시,1.133
2012,4.경기도,의정부시,1.201
2013,4.경기도,의정부시,1.08
2014,4.경기도,의정부시,1.081
2015,4.경기도,의정부시,1.104
2016,4.경기도,의정부시,1.049
2017,4.경기도,의정부시,0.947
2018,4.경기도,의정부시,0.905
2019,4.경기도,의정부시,0.847
2020,4.경기도,의정부시,0.795
2001,4.경기도,이천시,1.704
2002,4.경기도,이천시,1.535
2003,4.경기도,이천시,1.47
2004,4.경기도,이천시,1.432
2005,4.경기도,이천시,1.341
2006,4.경기도,이천시,1.402
2007,4.경기도,이천시,1.562
2008,4.경기도,이천시,1.388
2009,4.경기도,이천시,1.286
2010,4.경기도,이천시,1.483
2011,4.경기도,이천시,1.503
2012,4.경기도,이천시,1.562
2013,4.경기도,이천시,1.367
2014,4.경기도,이천시,1.387
2015,4.경기도,이천시,1.47
2016,4.경기도,이천시,1.36
2017,4.경기도,이천시,1.234
2018,4.경기도,이천시,1.106
2019,4.경기도,이천시,0.991
2020,4.경기도,이천시,0.921
2001,4.경기도,파주시,1.456
2002,4.경기도,파주시,1.372
2003,4.경기도,파주시,1.41
2004,4.경기도,파주시,1.283
2005,4.경기도,파주시,1.254
2006,4.경기도,파주시,1.383
2007,4.경기도,파주시,1.516
2008,4.경기도,파주시,1.402
2009,4.경기도,파주시,1.33
2010,4.경기도,파주시,1.532
2011,4.경기도,파주시,1.483
2012,4.경기도,파주시,1.583
2013,4.경기도,파주시,1.415
2014,4.경기도,파주시,1.431
2015,4.경기도,파주시,1.443
2016,4.경기도,파주시,1.375
2017,4.경기도,파주시,1.199
2018,4.경기도,파주시,1.112
2019,4.경기도,파주시,1.05
2020,4.경기도,파주시,0.917
2001,4.경기도,평택시,1.557
2002,4.경기도,평택시,1.385
2003,4.경기도,평택시,1.407
2004,4.경기도,평택시,1.371
2005,4.경기도,평택시,1.299
2006,4.경기도,평택시,1.426
2007,4.경기도,평택시,1.548
2008,4.경기도,평택시,1.464
2009,4.경기도,평택시,1.393
2010,4.경기도,평택시,1.447
2011,4.경기도,평택시,1.449
2012,4.경기도,평택시,1.532
2013,4.경기도,평택시,1.409
2014,4.경기도,평택시,1.435
2015,4.경기도,평택시,1.469
2016,4.경기도,평택시,1.366
2017,4.경기도,평택시,1.254
2018,4.경기도,평택시,1.144
2019,4.경기도,평택시,1.102
2020,4.경기도,평택시,1.061
2001,4.경기도,포천시,1.608
2002,4.경기도,포천시,1.473
2003,4.경기도,포천시,1.497
2004,4.경기도,포천시,1.248
2005,4.경기도,포천시,1.254
2006,4.경기도,포천시,1.382
2007,4.경기도,포천시,1.414
2008,4.경기도,포천시,1.311
2009,4.경기도,포천시,1.265
2010,4.경기도,포천시,1.307
2011,4.경기도,포천시,1.281
2012,4.경기도,포천시,1.462
2013,4.경기도,포천시,1.233
2014,4.경기도,포천시,1.196
2015,4.경기도,포천시,1.354
2016,4.경기도,포천시,1.258
2017,4.경기도,포천시,1.152
2018,4.경기도,포천시,1.056
2019,4.경기도,포천시,0.889
2020,4.경기도,포천시,0.868
2001,4.경기도,하남시,1.286
2002,4.경기도,하남시,1.194
2003,4.경기도,하남시,1.092
2004,4.경기도,하남시,1.169
2005,4.경기도,하남시,1.014
2006,4.경기도,하남시,1.063
2007,4.경기도,하남시,1.254
2008,4.경기도,하남시,1.17
2009,4.경기도,하남시,1.172
2010,4.경기도,하남시,1.199
2011,4.경기도,하남시,1.171
2012,4.경기도,하남시,1.174
2013,4.경기도,하남시,1.057
2014,4.경기도,하남시,1.094
2015,4.경기도,하남시,1.076
2016,4.경기도,하남시,1.152
2017,4.경기도,하남시,1.095
2018,4.경기도,하남시,1.02
2019,4.경기도,하남시,0.975
2020,4.경기도,하남시,0.887
2001,4.경기도,화성시,1.614
2002,4.경기도,화성시,1.475
2003,4.경기도,화성시,1.522
2004,4.경기도,화성시,1.525
2005,4.경기도,화성시,1.535
2006,4.경기도,화성시,1.627
2007,4.경기도,화성시,1.81
2008,4.경기도,화성시,1.792
2009,4.경기도,화성시,1.773
2010,4.경기도,화성시,1.83
2011,4.경기도,화성시,1.797
2012,4.경기도,화성시,1.757
2013,4.경기도,화성시,1.542
2014,4.경기도,화성시,1.512
2015,4.경기도,화성시,1.555
2016,4.경기도,화성시,1.555
2017,4.경기도,화성시,1.391
2018,4.경기도,화성시,1.309
2019,4.경기도,화성시,1.199
2020,4.경기도,화성시,1.088
